,awayTeamId,awayTeamName,competitionId,date,homeTeamId,homeTeamName,id,matchday,status,FinalScore,HalfTimeScore,Div,Date,FTHG,FTAG,FTR,HTHG,HTAG,HTR,HS,AS,HST,AST,HF,AF,HC,AC,HY,AY,HR,AR,B365H,B365D,B365A,BWH,BWD,BWA,IWH,IWD,IWA,LBH,LBD,LBA,PSH,PSD,PSA,WHH,WHD,WHA,VCH,VCD,VCA,Bb1X2,BbMxH,BbAvH,BbMxD,BbAvD,BbMxA,BbAvA,BbOU,BbMx>2.5,BbAv>2.5,BbMx<2.5,BbAv<2.5,BbAH,BbAHh,BbMxAHH,BbAvAHH,BbMxAHA,BbAvAHA,PSCH,PSCD,PSCA
0,18,Bor. Mönchengladbach,394,2015-12-12,3,Bayer Leverkusen,145529,16,FINISHED,5:0,0:0,D1,2015-12-12,5,0,H,1,0,H,14,6,6,2,13,19,4,2,0,2,0,0,1.95,3.75,3.75,2.0,3.6,3.7,2.1,3.3,3.3,1.91,3.75,3.6,1.99,3.92,3.81,2.0,3.5,3.6,2.0,3.8,3.6,48,2.1,1.96,3.98,3.69,3.85,3.65,42,1.68,1.62,2.38,2.26,28,-0.5,2.0,1.95,1.96,1.91,1.76,4.15,4.76
1,4,Borussia Dortmund,394,2016-02-21,3,Bayer Leverkusen,145474,22,FINISHED,0:1,0:0,D1,2016-02-21,0,1,A,0,0,D,9,7,2,2,20,10,8,1,5,1,0,0,3.4,3.5,2.1,3.4,3.4,2.15,3.1,3.3,2.2,3.3,3.4,2.15,3.31,3.58,2.28,3.3,3.3,2.2,3.25,3.6,2.2,45,3.4,3.25,3.67,3.44,2.32,2.19,36,1.89,1.82,2.08,1.98,29,0.25,2.0,1.94,1.97,1.92,2.79,3.45,2.69
2,19,Eintracht Frankfurt,394,2016-04-16,3,Bayer Leverkusen,145403,30,FINISHED,3:0,0:0,D1,2016-04-16,3,0,H,0,0,D,12,9,6,6,15,21,3,2,4,3,0,0,1.36,5.25,8.0,1.36,5.0,7.5,1.4,4.5,7.0,1.36,5.0,8.5,1.41,5.18,8.56,1.4,4.5,8.0,1.36,5.25,8.5,46,1.41,1.37,5.29,4.93,8.77,8.21,35,1.66,1.6,2.45,2.28,30,-1.5,2.15,2.06,1.84,1.8,1.51,4.69,6.85
3,16,FC Augsburg,394,2015-10-04,3,Bayer Leverkusen,145600,8,FINISHED,1:1,0:0,D1,2015-10-04,1,1,D,1,1,D,22,3,8,0,13,22,9,1,2,3,0,0,1.4,4.75,8.0,1.4,4.75,8.0,1.4,4.4,7.3,1.36,4.5,8.5,1.4,5.05,9.21,1.4,4.2,9.0,1.4,5.0,8.0,42,1.41,1.38,5.13,4.71,9.21,8.29,33,1.67,1.62,2.35,2.26,24,-1.5,2.15,2.1,1.81,1.78,1.41,5.2,8.26
4,5,FC Bayern München,394,2016-02-06,3,Bayer Leverkusen,145492,20,FINISHED,0:0,0:0,D1,2016-02-06,0,0,D,0,0,D,6,9,2,1,17,11,6,8,0,0,0,1,5.25,4.2,1.6,5.5,4.1,1.65,5.1,3.6,1.65,5.25,4.0,1.62,5.77,4.32,1.63,5.0,3.8,1.67,5.25,4.3,1.62,43,5.77,5.34,4.42,4.09,1.67,1.61,37,1.78,1.71,2.17,2.1,27,1.0,1.85,1.81,2.12,2.05,5.35,4.08,1.7
5,31,FC Ingolstadt 04,394,2016-05-14,3,Bayer Leverkusen,145367,34,FINISHED,3:2,0:0,D1,2016-05-14,3,2,H,2,1,H,10,21,6,5,17,12,2,4,1,1,0,0,1.5,4.33,6.5,1.5,4.33,5.75,1.5,4.0,6.1,1.5,4.5,5.5,1.56,4.82,5.88,1.44,4.33,6.0,1.53,4.75,5.75,49,1.55,1.51,4.82,4.45,6.75,6.03,32,1.53,1.48,2.81,2.56,30,-1.0,1.88,1.83,2.1,2.03,1.69,4.2,5.27
6,6,FC Schalke 04,394,2015-11-29,3,Bayer Leverkusen,145547,14,FINISHED,1:1,0:0,D1,2015-11-29,1,1,D,0,0,D,18,8,6,3,9,11,9,5,1,2,0,0,1.62,4.2,5.25,1.67,3.9,5.25,1.7,3.7,4.5,1.62,3.8,5.25,1.66,4.19,5.55,1.67,3.8,5.0,1.7,4.2,5.0,49,1.7,1.64,4.2,3.97,5.55,5.15,44,1.71,1.65,2.28,2.21,29,0.75,1.92,1.84,2.1,2.01,1.72,4.19,4.98
7,7,Hamburger SV,394,2016-03-13,3,Bayer Leverkusen,145438,26,FINISHED,1:0,0:0,D1,2016-03-13,1,0,H,1,0,H,14,10,4,5,18,17,5,7,4,2,1,0,1.67,3.75,5.5,1.62,3.9,5.0,1.7,3.7,4.5,1.62,3.8,5.25,1.64,4.21,5.82,1.65,4.0,5.0,1.62,4.2,5.5,45,1.7,1.62,4.21,3.96,5.82,5.34,37,1.8,1.74,2.16,2.06,30,-1.0,2.15,2.07,1.85,1.8,1.63,4.12,6.1
8,8,Hannover 96,394,2016-01-30,3,Bayer Leverkusen,145502,19,FINISHED,3:0,0:0,D1,2016-01-30,3,0,H,1,0,H,14,7,6,2,10,21,6,6,0,3,0,0,1.25,6.0,12.0,1.3,5.5,10.0,1.35,4.8,7.6,1.29,5.5,11.0,1.3,5.93,11.92,1.3,5.0,11.0,1.29,6.0,10.5,45,1.35,1.29,6.0,5.61,12.06,10.27,36,1.55,1.5,2.75,2.54,26,-1.5,1.83,1.79,2.13,2.07,1.28,6.54,11.81
9,9,Hertha BSC,394,2016-04-30,3,Bayer Leverkusen,145385,32,FINISHED,2:1,0:0,D1,2016-04-30,2,1,H,2,1,H,18,9,8,3,14,20,6,4,1,6,0,0,1.62,3.75,6.0,1.62,4.0,5.5,1.55,4.0,5.5,1.62,3.8,5.5,1.63,4.2,5.95,1.67,3.75,5.0,1.6,4.2,5.75,46,1.67,1.61,4.2,3.98,6.0,5.54,40,1.87,1.82,2.07,1.98,31,-1.0,2.16,2.06,1.85,1.81,1.62,4.18,6.13
10,55,SV Darmstadt 98,394,2015-09-12,3,Bayer Leverkusen,145636,4,FINISHED,0:1,0:0,D1,2015-09-12,0,1,A,0,1,A,16,5,4,3,13,17,10,4,3,1,0,0,1.25,6.0,13.0,1.26,6.0,11.0,1.3,5.0,9.0,1.25,5.5,12.0,1.28,6.13,13.15,1.29,5.0,12.0,1.29,6.0,13.0,35,1.3,1.25,6.25,5.73,13.98,12.42,28,1.67,1.62,2.35,2.27,23,-1.5,1.83,1.77,2.15,2.08,1.26,6.35,14.6
11,2,TSG 1899 Hoffenheim,394,2015-08-15,3,Bayer Leverkusen,145664,1,FINISHED,2:1,0:0,D1,2015-08-15,2,1,H,1,1,D,25,6,9,2,12,18,13,5,1,0,0,0,1.5,4.33,6.5,1.5,4.4,5.75,1.45,4.0,7.0,1.53,4.5,6.0,1.52,4.7,6.76,1.53,4.0,6.5,1.55,4.6,6.25,43,1.57,1.49,4.8,4.42,7.0,6.24,36,1.61,1.55,2.56,2.38,27,-1.0,1.88,1.82,2.09,2.03,1.48,4.84,7.28
12,10,VfB Stuttgart,394,2015-10-24,3,Bayer Leverkusen,145582,10,FINISHED,4:3,0:0,D1,2015-10-24,4,3,H,0,0,D,19,12,6,6,16,13,5,3,2,4,0,0,1.57,4.33,5.5,1.57,4.33,5.5,1.6,3.9,5.0,1.55,4.2,5.25,1.58,4.58,5.95,1.62,3.6,6.0,1.57,4.6,5.4,42,1.62,1.57,4.6,4.22,6.04,5.56,33,1.55,1.49,2.68,2.56,24,-1.0,2.02,1.93,1.98,1.92,1.49,4.97,6.71
13,11,VfL Wolfsburg,394,2016-04-01,3,Bayer Leverkusen,145420,28,FINISHED,3:0,0:0,D1,2016-04-01,3,0,H,1,0,H,12,10,5,5,13,19,6,2,0,4,0,0,2.0,3.2,4.0,2.0,3.5,3.8,2.0,3.3,3.6,2.0,3.5,3.6,2.05,3.67,3.87,1.95,3.5,3.8,2.05,3.6,3.6,44,2.08,2.01,3.67,3.5,4.0,3.74,38,1.86,1.79,2.11,2.02,28,-0.5,2.08,2.01,1.89,1.86,2.05,3.71,3.81
14,12,Werder Bremen,394,2016-03-02,3,Bayer Leverkusen,145456,24,FINISHED,1:4,0:0,D1,2016-03-02,1,4,A,0,1,A,16,11,6,4,15,8,9,6,1,1,0,0,1.44,4.75,7.0,1.4,4.75,6.75,1.45,4.0,7.0,1.44,4.5,6.5,1.47,4.97,7.33,1.5,4.5,6.0,1.45,5.0,6.5,47,1.51,1.45,5.0,4.63,7.35,6.77,37,1.5,1.46,2.75,2.64,31,-1.0,1.76,1.72,2.25,2.18,1.6,4.43,5.94
15,3,Bayer Leverkusen,394,2016-05-07,18,Bor. Mönchengladbach,145375,33,FINISHED,2:1,0:0,D1,2016-05-07,2,1,H,1,1,D,14,17,6,8,16,9,6,3,2,2,0,0,1.91,3.8,3.8,1.9,3.7,3.7,1.75,3.7,4.2,1.85,3.6,3.8,1.89,3.94,4.2,1.91,3.6,3.75,1.9,4.0,3.8,46,1.95,1.88,4.0,3.74,4.2,3.9,33,1.51,1.49,2.73,2.59,29,-0.5,1.95,1.88,2.05,1.98,1.78,4.32,4.41
16,4,Borussia Dortmund,394,2016-01-23,18,Bor. Mönchengladbach,145510,18,FINISHED,1:3,0:0,D1,2016-01-23,1,3,A,0,1,A,10,12,3,4,12,10,3,1,1,1,0,0,4.5,4.2,1.7,4.75,3.9,1.72,4.1,3.6,1.8,4.5,4.2,1.67,5.0,4.38,1.69,4.5,3.8,1.73,4.75,4.33,1.67,44,5.0,4.65,4.38,4.12,1.8,1.68,38,1.51,1.45,2.85,2.65,26,0.75,2.08,2.03,1.88,1.83,5.99,4.75,1.56
17,19,Eintracht Frankfurt,394,2016-03-12,18,Bor. Mönchengladbach,145441,26,FINISHED,3:0,0:0,D1,2016-03-12,3,0,H,1,0,H,16,4,8,0,8,20,1,1,1,3,0,0,1.57,4.33,5.5,1.55,4.1,5.5,1.6,3.9,5.0,1.57,4.2,5.25,1.56,4.68,5.98,1.57,4.5,5.0,1.57,4.6,5.4,45,1.6,1.55,4.68,4.4,6.25,5.46,36,1.49,1.45,2.8,2.67,31,-1.0,1.95,1.89,2.02,1.96,1.53,4.64,6.71
18,16,FC Augsburg,394,2015-09-23,18,Bor. Mönchengladbach,145620,6,FINISHED,4:2,0:0,D1,2015-09-23,4,2,H,4,0,H,21,13,12,4,20,21,6,2,2,5,0,0,2.15,3.4,3.4,2.2,3.3,3.2,2.2,3.3,3.1,2.1,3.3,3.4,2.18,3.5,3.62,2.2,3.3,3.3,2.1,3.5,3.5,39,2.2,2.15,3.5,3.34,3.62,3.4,35,2.09,1.98,1.89,1.8,24,-0.25,1.9,1.85,2.06,1.99,2.12,3.53,3.78
19,5,FC Bayern München,394,2015-12-05,18,Bor. Mönchengladbach,145537,15,FINISHED,3:1,0:0,D1,2015-12-05,3,1,H,0,0,D,13,22,6,6,13,12,3,9,1,2,0,0,9.0,5.25,1.33,8.0,5.25,1.36,7.3,4.4,1.4,8.5,5.25,1.33,9.55,5.59,1.36,9.0,4.5,1.36,8.5,5.75,1.33,46,10.0,8.71,5.75,5.19,1.4,1.34,37,1.53,1.49,2.75,2.57,29,1.5,1.96,1.91,2.02,1.94,9.51,5.53,1.36
20,31,FC Ingolstadt 04,394,2015-11-07,18,Bor. Mönchengladbach,145568,12,FINISHED,0:0,0:0,D1,2015-11-07,0,0,D,0,0,D,11,14,5,2,17,17,4,3,1,6,1,0,1.62,3.8,6.0,1.67,3.9,4.6,1.6,3.7,5.4,1.65,3.8,5.25,1.68,4.03,5.6,1.67,3.5,5.5,1.65,4.1,5.2,42,1.69,1.64,4.1,3.83,6.0,5.36,37,1.92,1.85,2.05,1.95,23,-0.75,1.9,1.85,2.06,2.0,1.66,4.04,5.85
21,6,FC Schalke 04,394,2015-10-25,18,Bor. Mönchengladbach,145585,10,FINISHED,3:1,0:0,D1,2015-10-25,3,1,H,1,1,D,16,13,10,5,17,19,3,6,2,3,0,1,2.15,3.5,3.3,2.3,3.4,3.1,2.2,3.3,3.1,2.15,3.4,3.25,2.22,3.64,3.39,2.25,3.1,3.4,2.2,3.6,3.3,42,2.3,2.17,3.65,3.44,3.43,3.27,35,1.76,1.68,2.28,2.16,22,-0.5,2.22,2.15,1.79,1.74,2.2,3.71,3.38
22,7,Hamburger SV,394,2015-09-11,18,Bor. Mönchengladbach,145638,4,FINISHED,0:3,0:0,D1,2015-09-11,0,3,A,0,2,A,13,10,2,4,17,19,5,2,2,1,0,0,1.67,4.0,5.0,1.67,3.75,5.0,1.65,3.7,4.9,1.67,4.0,5.25,1.68,4.08,5.56,1.7,3.8,4.8,1.67,4.1,5.25,36,1.7,1.66,4.1,3.92,5.62,5.22,31,1.82,1.76,2.13,2.05,24,-1.0,2.23,2.14,1.78,1.73,1.75,4.01,5.03
23,8,Hannover 96,394,2015-11-21,18,Bor. Mönchengladbach,145555,13,FINISHED,2:1,0:0,D1,2015-11-21,2,1,H,1,0,H,21,14,9,8,10,11,12,4,1,1,0,0,1.5,4.2,7.0,1.5,3.9,6.75,1.55,4.0,5.5,1.48,4.2,7.0,1.5,4.5,7.62,1.5,4.0,7.0,1.5,4.5,6.5,42,1.55,1.49,4.54,4.24,7.75,6.74,37,1.83,1.76,2.1,2.04,25,-1.0,1.85,1.81,2.11,2.06,1.5,4.6,7.29
24,9,Hertha BSC,394,2016-04-03,18,Bor. Mönchengladbach,145423,28,FINISHED,5:0,0:0,D1,2016-04-03,5,0,H,1,0,H,17,7,8,2,15,11,7,6,1,2,0,0,1.83,3.6,4.33,1.83,3.5,4.25,1.9,3.45,3.8,1.8,3.5,4.5,1.88,3.68,4.59,1.85,3.4,4.5,1.87,3.7,4.3,44,1.9,1.85,3.81,3.57,4.64,4.3,38,2.0,1.93,1.92,1.86,28,-0.5,1.9,1.86,2.06,2.01,1.89,3.63,4.62
25,55,SV Darmstadt 98,394,2015-12-20,18,Bor. Mönchengladbach,145519,17,FINISHED,3:2,0:0,D1,2015-12-20,3,2,H,1,1,D,13,15,5,6,12,20,1,5,1,4,1,0,1.5,4.33,6.5,1.5,4.33,5.75,1.5,4.0,6.1,1.5,4.2,6.0,1.54,4.46,6.82,1.5,4.0,7.0,1.5,4.5,6.5,47,1.54,1.5,4.5,4.22,7.25,6.54,41,1.82,1.75,2.19,2.06,29,-1.0,1.92,1.87,2.03,1.98,1.6,4.36,6.05
26,2,TSG 1899 Hoffenheim,394,2016-04-24,18,Bor. Mönchengladbach,145393,31,FINISHED,3:1,0:0,D1,2016-04-24,3,1,H,2,0,H,24,14,11,8,14,11,12,3,1,2,0,0,1.62,4.2,5.25,1.62,3.9,5.0,1.65,3.8,4.8,1.62,4.33,4.75,1.66,4.44,5.22,1.62,3.8,5.5,1.62,4.6,5.0,44,1.66,1.61,4.6,4.21,5.5,5.1,34,1.5,1.46,2.72,2.63,28,-1.0,2.08,2.02,1.88,1.84,1.56,4.63,6.15
27,10,VfB Stuttgart,394,2016-03-02,18,Bor. Mönchengladbach,145458,24,FINISHED,4:0,0:0,D1,2016-03-02,4,0,H,1,0,H,14,9,6,3,9,14,2,4,1,2,0,0,2.05,3.8,3.4,2.1,3.4,3.3,2.1,3.3,3.3,2.0,3.8,3.3,2.1,4.01,3.41,2.05,4.0,3.1,2.1,4.0,3.2,47,2.1,2.05,4.07,3.81,3.47,3.26,36,1.45,1.4,2.95,2.84,30,-0.5,2.1,2.04,1.86,1.82,2.16,4.0,3.25
28,11,VfL Wolfsburg,394,2015-10-03,18,Bor. Mönchengladbach,145602,8,FINISHED,2:0,0:0,D1,2015-10-03,2,0,H,0,0,D,10,10,3,3,15,14,3,1,2,3,0,0,2.6,3.4,2.7,2.7,3.25,2.7,2.6,3.2,2.6,2.62,3.3,2.5,2.77,3.55,2.65,2.7,3.1,2.7,2.7,3.5,2.6,42,2.84,2.68,3.57,3.35,2.75,2.61,37,1.8,1.72,2.2,2.09,25,0.0,2.01,1.95,1.95,1.9,2.8,3.55,2.63
29,12,Werder Bremen,394,2016-02-05,18,Bor. Mönchengladbach,145493,20,FINISHED,5:1,0:0,D1,2016-02-05,5,1,H,2,0,H,17,15,9,4,14,12,2,7,1,2,0,0,1.7,4.0,4.5,1.75,3.8,4.2,1.8,3.5,4.2,1.73,4.0,4.33,1.78,4.2,4.57,1.73,4.0,4.33,1.75,4.2,4.3,43,1.85,1.75,4.3,4.02,4.69,4.35,35,1.5,1.46,2.75,2.6,25,-0.75,2.0,1.95,1.96,1.91,1.71,4.36,4.86
30,3,Bayer Leverkusen,394,2015-09-20,4,Borussia Dortmund,145628,5,FINISHED,3:0,0:0,D1,2015-09-20,3,0,H,1,0,H,22,8,10,3,10,17,3,1,1,3,0,0,1.73,4.0,4.5,1.75,3.6,5.0,1.65,3.7,4.9,1.75,3.75,4.33,1.77,4.1,4.74,1.75,3.5,5.0,1.8,4.2,4.4,39,1.8,1.74,4.2,3.84,5.0,4.6,32,1.72,1.66,2.35,2.2,24,-0.75,2.04,1.98,1.92,1.88,1.71,4.16,5.1
31,18,Bor. Mönchengladbach,394,2015-08-15,4,Borussia Dortmund,145665,1,FINISHED,4:0,0:0,D1,2015-08-15,4,0,H,3,0,H,17,5,7,1,13,14,3,5,0,1,0,0,1.73,3.75,5.0,1.75,3.75,4.25,1.8,3.5,4.2,1.73,3.8,5.0,1.73,4.0,5.21,1.75,3.5,5.0,1.75,4.0,5.0,42,1.8,1.71,4.0,3.78,5.21,4.83,41,1.92,1.82,2.05,1.96,25,-0.5,1.75,1.71,2.27,2.19,1.63,4.24,5.85
32,19,Eintracht Frankfurt,394,2015-12-13,4,Borussia Dortmund,145531,16,FINISHED,4:1,0:0,D1,2015-12-13,4,1,H,1,1,D,24,3,11,2,4,3,14,1,0,0,0,1,1.17,8.0,15.0,1.18,7.5,15.0,1.2,5.8,13.0,1.17,8.0,15.0,1.18,9.0,16.0,1.17,7.5,15.0,1.15,9.0,17.0,48,1.2,1.17,9.0,7.78,19.0,14.75,36,1.3,1.28,2.16,2.07,28,-2.0,1.74,1.69,3.75,3.55,1.15,9.95,19.0
33,16,FC Augsburg,394,2015-10-25,4,Borussia Dortmund,145584,10,FINISHED,5:1,0:0,D1,2015-10-25,5,1,H,3,0,H,19,4,9,3,8,13,6,4,0,2,0,0,1.2,7.0,13.0,1.2,7.0,13.0,1.25,5.5,10.3,1.18,7.0,15.0,1.2,8.05,16.0,1.22,6.0,13.0,1.17,8.0,17.0,42,1.25,1.19,8.07,7.01,17.0,13.71,35,1.4,1.37,3.25,3.0,23,-2.0,1.87,1.84,2.08,2.03,1.22,7.64,14.1
34,5,FC Bayern München,394,2016-03-05,4,Borussia Dortmund,145448,25,FINISHED,0:0,0:0,D1,2016-03-05,0,0,D,0,0,D,11,17,3,4,10,12,2,6,1,1,0,0,3.1,3.4,2.3,3.0,3.3,2.3,3.0,3.45,2.3,3.1,3.4,2.2,3.29,3.61,2.28,3.2,3.2,2.3,3.1,3.7,2.25,46,3.3,3.18,3.7,3.42,2.32,2.25,37,1.84,1.76,2.11,2.03,30,0.25,1.97,1.92,1.99,1.94,3.21,3.62,2.32
35,31,FC Ingolstadt 04,394,2016-01-30,4,Borussia Dortmund,145504,19,FINISHED,2:0,0:0,D1,2016-01-30,2,0,H,0,0,D,11,5,6,3,15,18,4,1,4,2,0,0,1.17,7.0,19.0,1.17,7.25,17.0,1.22,5.5,12.0,1.15,7.5,21.0,1.17,8.3,21.5,1.17,7.0,17.0,1.15,8.0,19.0,45,1.22,1.16,8.3,7.26,23.0,18.61,36,1.53,1.5,2.75,2.54,26,-2.0,1.88,1.81,2.14,2.04,1.28,5.91,14.53
36,6,FC Schalke 04,394,2015-11-08,4,Borussia Dortmund,145567,12,FINISHED,3:2,0:0,D1,2015-11-08,3,2,H,2,1,H,14,9,7,3,10,16,5,3,3,4,0,0,1.3,6.0,8.5,1.33,5.25,9.0,1.4,4.4,7.3,1.3,5.75,8.5,1.35,5.97,9.0,1.36,4.5,9.0,1.3,6.0,9.5,42,1.4,1.31,6.0,5.6,10.0,8.73,36,1.43,1.37,3.35,3.03,24,-1.5,1.89,1.82,2.09,2.04,1.31,6.45,10.1
37,7,Hamburger SV,394,2016-04-17,4,Borussia Dortmund,145405,30,FINISHED,3:0,0:0,D1,2016-04-17,3,0,H,2,0,H,14,5,5,1,6,16,10,0,0,0,0,1,1.33,5.25,9.0,1.28,5.75,8.75,1.3,5.0,9.0,1.33,5.25,8.5,1.35,5.74,9.29,1.36,4.8,8.5,1.33,5.75,8.5,44,1.36,1.32,5.75,5.35,9.59,8.74,34,1.52,1.48,2.76,2.57,31,-1.5,1.99,1.93,1.96,1.92,1.46,4.75,7.96
38,8,Hannover 96,394,2016-02-13,4,Borussia Dortmund,145484,21,FINISHED,1:0,0:0,D1,2016-02-13,1,0,H,0,0,D,14,4,7,1,13,9,10,3,1,1,0,0,1.14,8.5,17.0,1.14,7.75,15.5,1.15,7.0,15.0,1.13,9.0,21.0,1.14,10.0,21.5,1.14,7.5,21.0,1.12,10.0,22.0,41,1.15,1.13,10.02,8.64,26.0,19.58,35,1.33,1.29,3.6,3.47,27,-2.5,2.02,1.98,1.94,1.88,1.17,9.07,18.65
39,9,Hertha BSC,394,2015-08-30,4,Borussia Dortmund,145647,3,FINISHED,3:1,0:0,D1,2015-08-30,3,1,H,1,0,H,15,4,6,4,16,12,5,1,0,2,0,0,1.2,6.5,17.0,1.24,6.25,10.5,1.25,5.5,10.3,1.22,6.5,13.0,1.24,7.06,14.5,1.25,5.5,13.0,1.25,6.5,13.0,37,1.25,1.21,7.06,6.27,17.0,13.39,34,1.46,1.43,2.9,2.73,24,-2.0,2.13,2.05,1.87,1.8,1.22,7.35,15.0
40,55,SV Darmstadt 98,394,2015-09-27,4,Borussia Dortmund,145610,7,FINISHED,2:2,0:0,D1,2015-09-27,2,2,D,0,1,A,16,4,4,3,16,13,8,0,0,2,0,0,1.14,8.5,17.0,1.16,8.0,16.5,1.15,7.0,15.0,1.13,8.5,21.0,1.15,9.5,22.4,1.14,7.0,21.0,1.13,9.5,26.0,39,1.16,1.13,9.75,8.2,26.0,20.09,33,1.46,1.4,3.0,2.87,24,-2.5,2.13,2.06,1.85,1.81,1.14,10.03,25.15
41,2,TSG 1899 Hoffenheim,394,2016-02-28,4,Borussia Dortmund,145466,23,FINISHED,3:1,0:0,D1,2016-02-28,3,1,H,0,1,A,26,9,9,4,9,10,11,7,0,0,0,1,1.18,7.0,17.0,1.2,6.75,11.0,1.25,5.5,10.3,1.2,7.0,13.0,1.21,7.85,15.0,1.2,7.0,12.0,1.2,7.5,13.0,43,1.21,1.19,8.1,6.95,17.0,13.69,36,1.35,1.31,3.5,3.33,28,-2.0,1.93,1.88,2.02,1.97,1.26,6.73,13.13
42,10,VfB Stuttgart,394,2015-11-29,4,Borussia Dortmund,145549,14,FINISHED,4:1,0:0,D1,2015-11-29,4,1,H,2,1,H,14,8,9,3,10,13,5,4,1,0,0,0,1.2,7.5,12.0,1.22,7.0,11.0,1.22,5.5,12.0,1.2,7.0,11.0,1.23,7.68,12.78,1.25,5.5,12.0,1.22,7.5,13.0,50,1.25,1.22,7.68,6.91,13.0,11.51,40,1.29,1.25,4.2,3.85,31,-2.0,1.92,1.87,2.05,1.98,1.24,7.6,12.1
43,11,VfL Wolfsburg,394,2016-04-30,4,Borussia Dortmund,145387,32,FINISHED,5:1,0:0,D1,2016-04-30,5,1,H,2,0,H,20,6,10,4,8,13,7,6,2,0,0,0,1.36,5.0,8.5,1.35,5.5,7.75,1.4,4.5,7.0,1.35,5.0,8.5,1.37,5.53,8.97,1.4,4.5,7.5,1.33,5.5,9.0,46,1.4,1.35,5.55,5.22,9.0,8.3,33,1.52,1.46,2.9,2.62,31,-1.5,2.01,1.95,1.96,1.91,1.37,5.84,8.49
44,12,Werder Bremen,394,2016-04-02,4,Borussia Dortmund,145422,28,FINISHED,3:2,0:0,D1,2016-04-02,3,2,H,0,0,D,23,9,8,3,13,6,11,2,1,3,0,0,1.2,7.0,13.0,1.2,6.5,11.5,1.25,6.0,9.0,1.2,6.5,13.0,1.22,7.5,14.5,1.22,6.0,13.0,1.2,7.5,13.0,44,1.25,1.2,7.79,6.78,15.5,13.36,36,1.42,1.35,3.45,3.11,31,-2.0,2.02,1.95,1.96,1.92,1.24,7.15,13.8
45,3,Bayer Leverkusen,394,2015-11-21,19,Eintracht Frankfurt,145556,13,FINISHED,1:3,0:0,D1,2015-11-21,1,3,A,1,2,A,9,17,1,11,15,19,3,8,2,1,0,0,3.8,3.6,1.95,3.6,3.6,1.95,3.3,3.3,2.1,3.6,3.6,1.95,3.87,3.75,2.02,3.75,3.4,2.0,3.7,3.75,2.0,43,3.9,3.73,3.8,3.59,2.1,1.97,37,1.77,1.7,2.25,2.14,25,0.5,1.94,1.9,2.02,1.97,4.5,3.85,1.86
46,18,Bor. Mönchengladbach,394,2015-10-17,19,Eintracht Frankfurt,145592,9,FINISHED,1:5,0:0,D1,2015-10-17,1,5,A,1,1,D,7,16,2,6,18,14,1,1,4,3,0,0,2.45,3.4,2.88,2.5,3.3,2.7,2.55,3.4,2.55,2.3,3.4,2.9,2.4,3.58,3.08,2.5,3.2,2.9,2.3,3.6,3.1,43,2.55,2.39,3.6,3.41,3.1,2.9,38,1.85,1.76,2.14,2.05,25,-0.25,2.12,2.02,1.91,1.84,2.63,3.58,2.77
47,4,Borussia Dortmund,394,2016-05-07,19,Eintracht Frankfurt,145376,33,FINISHED,1:0,0:0,D1,2016-05-07,1,0,H,1,0,H,6,13,4,2,20,12,3,5,5,3,0,0,7.0,4.75,1.45,7.0,4.75,1.4,5.2,4.5,1.5,6.0,4.5,1.48,7.06,4.98,1.48,7.0,5.0,1.4,6.5,5.0,1.45,46,7.75,6.81,5.05,4.69,1.53,1.44,32,1.52,1.47,2.92,2.6,30,1.25,1.95,1.89,2.03,1.97,7.01,5.06,1.47
48,16,FC Augsburg,394,2015-08-22,19,Eintracht Frankfurt,145655,2,FINISHED,1:1,0:0,D1,2015-08-22,1,1,D,0,1,A,11,14,3,4,17,21,7,4,2,3,0,0,2.25,3.4,3.25,2.25,3.4,3.0,2.2,3.3,3.1,2.2,3.5,3.3,2.23,3.55,3.44,2.25,3.2,3.3,2.2,3.6,3.3,40,2.25,2.18,3.65,3.43,3.7,3.26,38,1.88,1.78,2.1,2.0,26,-0.25,1.93,1.88,2.03,1.96,2.3,3.52,3.33
49,5,FC Bayern München,394,2015-10-30,19,Eintracht Frankfurt,145574,11,FINISHED,0:0,0:0,D1,2015-10-30,0,0,D,0,0,D,8,10,2,2,13,15,5,5,4,2,0,0,15.0,8.0,1.17,14.0,7.0,1.2,12.0,5.5,1.22,17.0,7.5,1.17,19.24,8.52,1.18,17.0,7.5,1.15,17.0,8.5,1.15,46,19.24,16.14,8.75,7.57,1.22,1.17,37,1.45,1.35,3.4,3.1,26,2.0,2.26,2.18,1.87,1.72,18.5,8.77,1.17
50,31,FC Ingolstadt 04,394,2016-03-05,19,Eintracht Frankfurt,145449,25,FINISHED,1:1,0:0,D1,2016-03-05,1,1,D,0,1,A,21,12,3,6,20,23,8,2,5,4,0,1,2.5,3.2,3.0,2.4,3.2,2.95,2.4,3.3,2.75,2.6,3.0,2.88,2.67,3.2,3.0,2.6,3.1,2.8,2.6,3.25,2.88,46,2.67,2.56,3.3,3.13,3.01,2.9,37,2.44,2.31,1.65,1.59,28,0.0,1.88,1.83,2.15,2.03,2.64,3.14,3.1
51,6,FC Schalke 04,394,2016-02-28,19,Eintracht Frankfurt,145467,23,FINISHED,0:0,0:0,D1,2016-02-28,0,0,D,0,0,D,11,7,5,2,13,12,5,3,1,2,0,0,3.2,3.4,2.25,3.2,3.4,2.25,3.1,3.3,2.2,3.0,3.5,2.2,3.25,3.63,2.29,3.1,3.6,2.2,3.13,3.6,2.25,43,3.3,3.11,3.67,3.5,2.3,2.24,37,1.7,1.64,2.31,2.22,28,0.25,1.96,1.92,1.99,1.93,2.74,3.49,2.71
52,7,Hamburger SV,394,2016-02-19,19,Eintracht Frankfurt,145477,22,FINISHED,0:0,0:0,D1,2016-02-19,0,0,D,0,0,D,8,10,2,1,12,20,3,3,2,3,0,0,2.25,3.5,3.0,2.3,3.25,3.1,2.3,3.3,2.9,2.25,3.4,3.1,2.35,3.58,3.17,2.38,3.4,2.9,2.3,3.5,3.1,46,2.4,2.31,3.69,3.43,3.17,3.06,37,1.83,1.76,2.15,2.03,30,-0.25,2.05,2.0,1.91,1.87,2.37,3.55,3.16
53,8,Hannover 96,394,2016-03-19,19,Eintracht Frankfurt,145430,27,FINISHED,1:0,0:0,D1,2016-03-19,1,0,H,1,0,H,11,8,5,3,16,20,13,3,1,3,0,0,1.85,3.6,4.33,1.83,3.5,4.25,1.8,3.5,4.2,1.83,3.5,4.33,1.86,3.73,4.65,1.91,3.4,4.2,1.83,3.75,4.33,46,1.91,1.84,3.75,3.57,4.65,4.32,39,1.94,1.87,2.0,1.91,29,-0.5,1.9,1.84,2.08,2.02,2.02,3.54,4.13
54,9,Hertha BSC,394,2015-09-27,19,Eintracht Frankfurt,145611,7,FINISHED,1:1,0:0,D1,2015-09-27,1,1,D,1,0,H,11,14,2,6,11,14,7,3,2,1,0,0,1.95,3.5,4.0,1.95,3.4,3.75,2.0,3.3,3.6,1.91,3.6,3.8,2.01,3.75,3.91,1.95,3.5,3.8,2.0,3.8,3.9,39,2.05,1.96,3.81,3.55,4.0,3.77,35,1.84,1.78,2.12,2.02,26,-0.5,2.01,1.96,1.97,1.9,2.01,3.68,3.98
55,55,SV Darmstadt 98,394,2015-12-06,19,Eintracht Frankfurt,145538,15,FINISHED,0:1,0:0,D1,2015-12-06,0,1,A,0,1,A,15,19,3,4,19,9,10,7,4,3,0,0,1.91,3.4,4.33,1.91,3.4,3.9,2.0,3.3,3.6,1.85,3.3,4.33,1.95,3.51,4.48,1.95,3.2,4.2,1.93,3.5,4.3,46,2.0,1.91,3.57,3.41,4.5,4.2,40,2.16,2.05,1.81,1.75,27,-0.5,1.95,1.9,2.0,1.95,2.09,3.38,4.08
56,2,TSG 1899 Hoffenheim,394,2016-04-09,19,Eintracht Frankfurt,145411,29,FINISHED,0:2,0:0,D1,2016-04-09,0,2,A,0,0,D,12,8,3,6,22,21,8,4,3,4,0,0,2.3,3.25,3.1,2.45,3.25,2.8,2.4,3.3,2.75,2.3,3.3,2.9,2.44,3.58,3.02,2.4,3.5,2.8,2.4,3.6,2.9,48,2.45,2.38,3.6,3.42,3.1,2.91,38,1.8,1.74,2.15,2.07,31,-0.25,2.11,2.06,1.84,1.8,2.45,3.56,3.03
57,10,VfB Stuttgart,394,2016-02-06,19,Eintracht Frankfurt,145494,20,FINISHED,2:4,0:0,D1,2016-02-06,2,4,A,0,2,A,17,16,7,9,9,15,2,7,1,1,1,1,2.7,3.6,2.5,2.7,3.25,2.6,2.6,3.2,2.6,2.6,3.6,2.5,2.74,3.65,2.62,2.7,3.2,2.62,2.7,3.6,2.55,43,2.78,2.65,3.88,3.53,2.63,2.54,33,1.62,1.56,2.53,2.36,25,0.0,2.02,1.97,1.93,1.89,2.93,3.59,2.5
58,11,VfL Wolfsburg,394,2016-01-24,19,Eintracht Frankfurt,145511,18,FINISHED,3:2,0:0,D1,2016-01-24,3,2,H,0,1,A,12,18,6,11,13,20,3,3,2,0,0,0,3.6,3.5,2.05,3.5,3.6,2.05,3.3,3.3,2.1,3.4,3.6,2.0,3.7,3.72,2.08,3.5,3.4,2.1,3.4,3.7,2.1,44,3.71,3.49,3.72,3.55,2.1,2.05,38,1.74,1.68,2.28,2.16,26,0.25,2.15,2.09,1.82,1.79,3.52,3.58,2.19
59,12,Werder Bremen,394,2015-12-19,19,Eintracht Frankfurt,145520,17,FINISHED,2:1,0:0,D1,2015-12-19,2,1,H,1,1,D,16,11,6,4,14,20,6,3,3,5,0,0,2.25,3.4,3.2,2.3,3.25,3.1,2.3,3.3,2.9,2.2,3.4,3.2,2.22,3.63,3.4,2.25,3.2,3.3,2.2,3.6,3.2,48,2.3,2.21,3.63,3.46,3.47,3.19,42,1.75,1.69,2.23,2.13,29,-0.25,2.0,1.92,2.01,1.93,2.21,3.7,3.37
60,3,Bayer Leverkusen,394,2016-03-05,16,FC Augsburg,145447,25,FINISHED,3:3,0:0,D1,2016-03-05,3,3,D,2,0,H,10,20,5,5,10,14,0,5,2,1,1,0,2.9,3.3,2.5,2.9,3.2,2.4,2.65,3.3,2.5,2.8,3.25,2.5,3.01,3.42,2.53,2.9,3.2,2.5,2.9,3.4,2.5,46,3.09,2.9,3.42,3.27,2.55,2.48,39,2.08,2.01,1.85,1.78,29,0.0,2.14,2.07,1.83,1.79,3.0,3.4,2.54
61,18,Bor. Mönchengladbach,394,2016-02-28,16,FC Augsburg,145465,23,FINISHED,2:2,0:0,D1,2016-02-28,2,2,D,0,1,A,24,10,4,7,17,8,2,5,0,0,0,0,2.7,3.4,2.6,2.6,3.3,2.6,2.65,3.3,2.5,2.75,3.3,2.5,2.84,3.56,2.59,2.6,3.4,2.6,2.75,3.5,2.55,45,2.84,2.7,3.57,3.41,2.65,2.54,38,1.77,1.72,2.17,2.09,29,0.25,1.76,1.72,2.25,2.18,2.97,3.57,2.48
62,4,Borussia Dortmund,394,2016-03-20,16,FC Augsburg,145429,27,FINISHED,1:3,0:0,D1,2016-03-20,1,3,A,1,1,D,7,13,4,5,16,6,2,3,4,1,0,0,6.5,4.33,1.5,6.25,4.33,1.48,6.1,4.0,1.5,6.5,4.33,1.5,7.5,4.68,1.49,7.0,4.0,1.5,6.5,4.6,1.5,45,7.5,6.82,4.68,4.34,1.53,1.47,38,1.73,1.68,2.26,2.16,30,1.0,2.17,2.08,1.84,1.79,6.59,4.22,1.58
63,19,Eintracht Frankfurt,394,2016-01-30,16,FC Augsburg,145501,19,FINISHED,0:0,0:0,D1,2016-01-30,0,0,D,0,0,D,7,13,2,6,18,8,4,2,2,2,0,0,1.95,3.6,4.0,2.05,3.3,3.6,2.1,3.3,3.3,2.0,3.4,3.75,2.04,3.67,3.88,2.1,3.2,3.75,2.05,3.6,3.6,45,2.1,2.01,3.8,3.5,4.0,3.66,38,1.81,1.75,2.16,2.05,25,-0.5,2.04,2.0,1.9,1.86,1.99,3.76,3.97
64,5,FC Bayern München,394,2016-02-14,16,FC Augsburg,145483,21,FINISHED,1:3,0:0,D1,2016-02-14,1,3,A,0,1,A,7,24,2,10,11,9,2,5,0,1,0,0,13.0,6.0,1.22,9.25,6.25,1.28,8.5,4.8,1.33,12.0,5.75,1.25,13.83,6.38,1.26,12.0,5.0,1.29,12.0,6.5,1.25,43,15.0,12.33,6.5,5.85,1.33,1.25,32,1.62,1.58,2.47,2.33,28,1.5,2.2,2.14,1.8,1.74,13.76,6.34,1.27
65,31,FC Ingolstadt 04,394,2015-08-29,16,FC Augsburg,145645,3,FINISHED,0:1,0:0,D1,2015-08-29,0,1,A,0,0,D,10,16,2,3,22,16,3,4,3,3,0,0,2.0,3.4,3.8,2.0,3.3,3.75,2.0,3.3,3.6,1.95,3.4,4.2,2.01,3.47,4.28,2.0,3.25,4.0,2.05,3.4,4.0,37,2.05,1.97,3.47,3.35,4.35,3.96,34,2.17,2.11,1.78,1.71,25,-0.5,2.03,1.98,1.92,1.86,1.84,3.65,4.94
66,6,FC Schalke 04,394,2015-12-13,16,FC Augsburg,145528,16,FINISHED,2:1,0:0,D1,2015-12-13,2,1,H,1,0,H,22,15,6,5,17,12,6,5,2,1,0,0,2.63,3.5,2.63,2.7,3.3,2.65,2.6,3.2,2.6,2.62,3.3,2.62,2.74,3.51,2.7,2.62,3.3,2.62,2.63,3.6,2.6,48,2.8,2.64,3.6,3.38,2.75,2.62,43,1.87,1.8,2.12,2.0,26,0.0,2.06,1.95,1.95,1.89,2.88,3.54,2.56
67,7,Hamburger SV,394,2016-05-14,16,FC Augsburg,145366,34,FINISHED,1:3,0:0,D1,2016-05-14,1,3,A,1,1,D,12,13,7,6,12,24,2,4,3,3,0,0,2.0,3.5,3.8,2.0,3.5,3.5,2.0,3.3,3.6,2.0,3.5,3.6,2.02,3.7,3.94,2.0,3.6,3.2,2.0,3.7,3.7,49,2.05,1.99,3.76,3.55,3.94,3.71,39,1.71,1.65,2.33,2.2,29,-0.5,2.02,1.98,1.95,1.88,1.97,3.86,3.95
68,8,Hannover 96,394,2015-09-20,16,FC Augsburg,145627,5,FINISHED,2:0,0:0,D1,2015-09-20,2,0,H,2,0,H,17,16,8,2,12,15,6,6,1,4,0,0,2.0,3.5,3.75,2.0,3.3,3.7,1.9,3.45,3.8,2.05,3.4,3.8,2.02,3.59,4.05,2.0,3.3,3.8,2.05,3.5,3.9,39,2.05,1.99,3.59,3.45,4.05,3.82,35,2.05,1.97,1.92,1.83,25,-0.5,2.05,1.99,1.92,1.87,2.11,3.57,3.77
69,9,Hertha BSC,394,2015-08-15,16,FC Augsburg,145663,1,FINISHED,0:1,0:0,D1,2015-08-15,0,1,A,0,0,D,20,11,3,4,20,22,7,4,1,2,1,1,2.0,3.4,3.9,2.0,3.3,3.75,2.0,3.3,3.6,1.95,3.4,4.2,2.04,3.43,4.2,2.1,3.3,3.5,2.05,3.4,4.1,43,2.1,2.0,3.5,3.34,4.2,3.9,41,2.33,2.23,1.68,1.63,27,-0.5,2.04,1.99,1.91,1.86,2.13,3.43,3.87
70,55,SV Darmstadt 98,394,2015-10-17,16,FC Augsburg,145591,9,FINISHED,0:2,0:0,D1,2015-10-17,0,2,A,0,2,A,20,12,3,5,13,17,2,4,2,3,0,0,1.8,3.5,4.75,1.85,3.5,4.1,1.85,3.45,4.0,1.8,3.4,4.5,1.83,3.69,4.91,1.85,3.4,4.5,1.8,3.75,4.6,43,1.85,1.81,3.75,3.52,4.94,4.59,38,2.16,2.06,1.83,1.75,24,-0.5,1.83,1.8,2.14,2.08,1.89,3.59,4.69
71,2,TSG 1899 Hoffenheim,394,2015-09-26,16,FC Augsburg,145609,7,FINISHED,1:3,0:0,D1,2015-09-26,1,3,A,1,1,D,26,11,9,5,8,9,7,3,1,4,0,0,2.25,3.5,3.1,2.25,3.4,3.0,2.2,3.3,3.1,2.2,3.4,3.1,2.26,3.6,3.33,2.3,3.2,3.2,2.25,3.6,3.25,39,2.3,2.22,3.62,3.45,3.35,3.15,34,1.83,1.76,2.15,2.05,24,-0.25,1.96,1.92,1.98,1.93,2.36,3.65,3.11
72,10,VfB Stuttgart,394,2016-04-16,16,FC Augsburg,145402,30,FINISHED,1:0,0:0,D1,2016-04-16,1,0,H,1,0,H,13,10,6,4,14,12,4,8,2,0,0,0,2.45,3.6,2.75,2.5,3.3,2.75,2.3,3.3,2.9,2.4,3.6,2.62,2.59,3.68,2.76,2.6,3.4,2.6,2.5,3.7,2.7,44,2.6,2.47,3.75,3.55,2.9,2.71,34,1.6,1.53,2.6,2.44,28,0.0,1.91,1.85,2.05,2.0,2.36,3.75,3.03
73,11,VfL Wolfsburg,394,2015-11-29,16,FC Augsburg,145546,14,FINISHED,0:0,0:0,D1,2015-11-29,0,0,D,0,0,D,13,17,4,3,20,11,4,7,3,2,0,1,3.3,3.4,2.2,3.25,3.4,2.25,3.1,3.3,2.2,3.25,3.5,2.15,3.37,3.59,2.25,3.1,3.4,2.25,3.3,3.5,2.25,49,3.37,3.24,3.6,3.42,2.3,2.2,44,1.8,1.72,2.19,2.09,29,0.25,2.0,1.95,1.95,1.9,3.16,3.56,2.37
74,12,Werder Bremen,394,2015-11-08,16,FC Augsburg,145564,12,FINISHED,1:2,0:0,D1,2015-11-08,1,2,A,0,0,D,18,15,6,4,13,20,7,4,1,4,0,0,2.2,3.4,3.3,2.2,3.4,3.1,2.1,3.3,3.3,2.15,3.4,3.25,2.19,3.59,3.51,2.2,3.5,3.1,2.2,3.6,3.3,42,2.25,2.18,3.6,3.45,3.51,3.25,36,1.8,1.74,2.17,2.07,23,-0.25,1.91,1.88,2.04,1.98,2.18,3.69,3.45
75,3,Bayer Leverkusen,394,2015-08-29,5,FC Bayern München,145646,3,FINISHED,3:0,0:0,D1,2015-08-29,3,0,H,1,0,H,14,10,6,4,12,14,7,5,2,3,0,0,1.33,5.25,9.0,1.3,5.25,9.0,1.33,5.0,8.0,1.33,5.5,9.0,1.35,5.57,10.19,1.33,5.0,9.0,1.33,5.75,9.5,37,1.35,1.31,6.0,5.28,10.5,9.39,28,1.61,1.56,2.55,2.36,25,-1.5,2.03,1.94,2.0,1.9,1.38,5.35,9.13
76,18,Bor. Mönchengladbach,394,2016-04-30,5,FC Bayern München,145386,32,FINISHED,1:1,0:0,D1,2016-04-30,1,1,D,1,0,H,9,8,4,2,10,13,7,5,2,1,0,0,1.4,5.0,7.5,1.44,5.25,6.0,1.4,4.4,7.3,1.4,4.75,6.5,1.44,5.2,7.54,1.44,4.5,6.5,1.44,5.2,6.5,46,1.45,1.42,5.25,4.92,7.54,6.81,33,1.47,1.43,3.1,2.7,28,-1.5,2.21,2.14,1.78,1.74,1.49,4.69,7.32
77,4,Borussia Dortmund,394,2015-10-04,5,FC Bayern München,145601,8,FINISHED,5:1,0:0,D1,2015-10-04,5,1,H,2,1,H,14,10,9,4,14,8,4,4,3,1,0,0,1.5,4.33,6.5,1.53,4.4,6.5,1.6,4.0,5.5,1.5,4.2,6.0,1.54,4.56,6.6,1.5,4.4,6.0,1.53,4.5,6.0,42,1.6,1.51,4.6,4.34,6.6,6.16,31,1.59,1.55,2.58,2.39,25,-1.0,1.88,1.84,2.07,2.02,1.54,4.57,6.5
78,19,Eintracht Frankfurt,394,2016-04-02,5,FC Bayern München,145421,28,FINISHED,1:0,0:0,D1,2016-04-02,1,0,H,1,0,H,21,4,10,0,16,16,5,1,2,5,0,0,1.13,9.0,21.0,1.1,9.0,21.0,1.1,8.0,20.0,1.1,10.0,29.0,1.1,12.6,30.0,1.1,9.0,26.0,1.08,12.0,29.0,44,1.13,1.09,12.6,10.12,30.0,25.1,36,1.33,1.3,3.7,3.38,29,-2.5,1.87,1.83,2.09,2.03,1.1,12.7,31.0
79,16,FC Augsburg,394,2015-09-12,5,FC Bayern München,145637,4,FINISHED,2:1,0:0,D1,2015-09-12,2,1,H,0,1,A,27,4,10,1,10,10,9,0,0,1,0,0,1.13,9.5,19.0,1.13,9.25,18.0,1.12,8.0,16.0,1.13,8.5,23.0,1.14,9.75,23.5,1.14,7.5,19.0,1.13,9.5,26.0,35,1.14,1.12,9.86,8.86,28.0,21.91,30,1.46,1.44,2.9,2.7,23,-2.5,2.16,2.09,1.81,1.77,1.14,9.7,25.6
80,31,FC Ingolstadt 04,394,2015-12-12,5,FC Bayern München,145530,16,FINISHED,2:0,0:0,D1,2015-12-12,2,0,H,0,0,D,14,9,8,4,14,22,4,4,2,1,0,0,1.07,13.0,29.0,1.08,11.0,31.0,1.1,8.0,20.0,1.09,11.0,41.0,1.09,13.0,37.0,1.08,10.0,34.0,1.07,12.0,36.0,48,1.1,1.08,13.13,10.86,60.0,35.2,36,1.43,1.4,3.0,2.85,30,-2.5,1.91,1.85,2.08,2.01,1.12,10.48,33.01
81,6,FC Schalke 04,394,2016-04-16,5,FC Bayern München,145404,30,FINISHED,3:0,0:0,D1,2016-04-16,3,0,H,0,0,D,14,7,7,4,10,7,6,2,0,0,0,0,1.18,7.5,15.0,1.18,7.0,12.5,1.22,5.5,12.0,1.2,7.0,15.0,1.2,8.05,16.0,1.22,6.0,13.0,1.17,8.0,17.0,47,1.22,1.18,8.05,7.15,17.5,14.94,34,1.42,1.39,3.2,2.91,32,-2.0,1.88,1.85,2.06,2.01,1.22,7.35,15.0
82,7,Hamburger SV,394,2015-08-14,5,FC Bayern München,145671,1,FINISHED,5:0,0:0,D1,2015-08-14,5,0,H,1,0,H,23,5,9,1,10,12,7,0,2,2,0,0,1.08,11.0,29.0,1.1,9.0,23.0,1.15,7.0,15.0,1.09,11.0,29.0,1.09,12.87,35.46,1.08,10.0,26.0,1.1,12.0,31.0,43,1.15,1.08,13.0,10.6,40.0,29.37,40,1.4,1.35,3.5,3.1,30,-2.5,1.91,1.84,2.06,1.99,1.1,12.57,30.92
83,8,Hannover 96,394,2016-05-14,5,FC Bayern München,145368,34,FINISHED,3:1,2:0,D1,2016-05-14,3,1,H,2,0,H,20,20,11,5,10,13,11,5,0,1,0,0,1.08,11.0,26.0,1.09,11.0,16.0,1.15,7.0,15.0,1.09,12.0,29.0,1.1,14.3,25.04,1.08,9.0,17.0,1.13,10.0,20.0,49,1.15,1.09,14.3,10.76,29.0,22.59,32,1.25,1.22,4.4,4.07,29,-2.75,1.88,1.85,2.07,2.01,1.1,14.33,22.68
84,9,Hertha BSC,394,2015-11-28,5,FC Bayern München,145548,14,FINISHED,2:0,0:0,D1,2015-11-28,2,0,H,2,0,H,24,4,9,1,14,13,9,1,0,3,0,0,1.08,11.0,26.0,1.09,10.5,29.0,1.1,8.0,20.0,1.09,11.0,34.0,1.1,13.0,31.0,1.1,8.0,34.0,1.1,12.0,29.0,49,1.1,1.08,13.33,10.51,41.0,30.64,39,1.37,1.33,3.4,3.23,29,-2.5,1.94,1.8,2.12,2.07,1.15,9.2,24.5
85,55,SV Darmstadt 98,394,2016-02-20,5,FC Bayern München,145475,22,FINISHED,3:1,0:0,D1,2016-02-20,3,1,H,0,1,A,36,6,13,5,10,13,18,0,2,0,0,0,1.08,12.0,26.0,1.08,11.0,34.0,1.07,9.5,22.0,1.07,12.0,51.0,1.08,14.9,41.0,1.08,9.0,34.0,1.06,13.0,51.0,46,1.1,1.07,14.9,11.91,56.0,35.69,36,1.38,1.34,3.4,3.16,29,-2.75,1.92,1.88,2.08,1.99,1.09,13.3,35.5
86,2,TSG 1899 Hoffenheim,394,2016-01-31,5,FC Bayern München,145503,19,FINISHED,2:0,0:0,D1,2016-01-31,2,0,H,1,0,H,29,5,9,2,11,11,10,2,1,1,0,0,1.08,13.0,21.0,1.11,9.5,23.0,1.1,8.0,20.0,1.1,10.0,29.0,1.11,12.3,28.0,1.11,9.0,26.0,1.08,12.0,26.0,44,1.13,1.1,13.0,10.12,31.0,24.12,35,1.3,1.28,3.75,3.53,26,-2.5,1.89,1.82,2.09,2.03,1.09,13.97,30.2
87,10,VfB Stuttgart,394,2015-11-07,5,FC Bayern München,145566,12,FINISHED,4:0,0:0,D1,2015-11-07,4,0,H,4,0,H,33,5,14,2,8,15,7,3,0,0,0,0,1.1,11.0,21.0,1.12,9.75,17.5,1.12,8.0,16.0,1.11,10.0,23.0,1.12,12.4,22.4,1.11,8.0,26.0,1.09,12.0,26.0,42,1.13,1.11,12.46,9.96,34.0,22.2,30,1.28,1.23,4.4,4.08,23,-2.75,2.05,1.98,1.91,1.87,1.11,13.0,25.0
88,11,VfL Wolfsburg,394,2015-09-22,5,FC Bayern München,145619,6,FINISHED,5:1,0:0,D1,2015-09-22,5,1,H,0,1,A,17,7,12,2,11,12,5,1,1,2,0,0,1.25,6.0,12.0,1.3,5.25,11.5,1.35,4.8,7.6,1.25,6.0,12.0,1.3,6.0,12.12,1.29,5.5,10.0,1.25,6.5,13.0,38,1.35,1.27,6.75,5.79,13.0,11.05,29,1.58,1.53,2.57,2.44,24,-1.5,1.78,1.73,2.23,2.16,1.26,6.7,12.7
89,12,Werder Bremen,394,2016-03-12,5,FC Bayern München,145439,26,FINISHED,5:0,0:0,D1,2016-03-12,5,0,H,2,0,H,20,2,13,1,8,8,11,4,1,3,0,0,1.13,9.0,21.0,1.15,7.5,14.5,1.12,8.0,16.0,1.14,8.5,19.0,1.14,10.3,21.5,1.14,8.0,17.0,1.12,10.0,22.0,45,1.15,1.13,10.3,8.82,26.0,19.71,35,1.34,1.3,3.6,3.42,30,-2.5,2.05,1.97,1.94,1.88,1.11,12.75,27.0
90,3,Bayer Leverkusen,394,2015-12-19,31,FC Ingolstadt 04,145524,17,FINISHED,0:1,0:0,D1,2015-12-19,0,1,A,0,0,D,11,9,3,2,12,18,6,3,2,3,0,0,4.75,3.5,1.8,4.5,3.7,1.8,3.8,3.45,1.9,4.5,3.5,1.8,4.87,3.68,1.84,4.5,3.4,1.83,4.6,3.7,1.8,47,4.88,4.53,3.75,3.58,1.9,1.8,41,2.2,2.07,1.8,1.74,28,0.5,2.11,2.05,1.85,1.81,5.38,3.64,1.79
91,18,Bor. Mönchengladbach,394,2016-04-09,31,FC Ingolstadt 04,145414,29,FINISHED,1:0,0:0,D1,2016-04-09,1,0,H,0,0,D,15,7,4,3,7,11,5,3,1,1,0,0,3.2,3.4,2.2,3.1,3.3,2.25,2.9,3.3,2.3,3.25,3.3,2.2,3.43,3.46,2.28,3.1,3.3,2.3,3.25,3.5,2.25,47,3.43,3.26,3.51,3.35,2.3,2.23,40,2.08,2.0,1.88,1.8,31,0.25,1.98,1.93,1.96,1.93,3.47,3.53,2.23
92,4,Borussia Dortmund,394,2015-08-23,31,FC Ingolstadt 04,145660,2,FINISHED,0:4,0:0,D1,2015-08-23,0,4,A,0,0,D,3,18,2,8,18,16,1,4,2,3,0,0,7.0,4.5,1.45,6.25,4.33,1.48,6.1,4.0,1.5,7.5,4.5,1.44,7.27,4.61,1.5,7.0,4.5,1.44,7.0,4.6,1.5,40,8.0,7.08,5.0,4.38,1.5,1.46,38,1.77,1.7,2.2,2.12,26,1.25,1.86,1.82,2.11,2.03,7.15,4.54,1.52
93,19,Eintracht Frankfurt,394,2015-10-03,31,FC Ingolstadt 04,145607,8,FINISHED,2:0,0:0,D1,2015-10-03,2,0,H,0,0,D,14,12,4,2,11,11,4,3,1,2,0,0,2.5,3.25,2.9,2.6,3.25,2.65,2.5,3.3,2.65,2.5,3.25,2.75,2.59,3.39,2.95,2.62,3.1,2.8,2.55,3.4,2.8,42,2.62,2.52,3.5,3.29,2.96,2.8,38,2.08,1.98,1.87,1.81,25,0.0,1.86,1.83,2.1,2.02,2.61,3.44,2.88
94,16,FC Augsburg,394,2016-02-06,31,FC Ingolstadt 04,145499,20,FINISHED,2:1,0:0,D1,2016-02-06,2,1,H,0,1,A,24,7,4,2,17,22,8,3,2,3,0,0,2.5,3.1,3.1,2.5,3.2,2.8,2.4,3.3,2.75,2.4,3.0,3.1,2.48,3.16,3.33,2.5,3.0,3.1,2.4,3.2,3.2,43,2.55,2.45,3.3,3.07,3.37,3.11,33,2.62,2.49,1.57,1.51,25,-0.25,2.16,2.06,1.85,1.81,2.53,3.18,3.22
95,5,FC Bayern München,394,2016-05-07,31,FC Ingolstadt 04,145380,33,FINISHED,1:2,0:0,D1,2016-05-07,1,2,A,1,2,A,16,12,4,6,17,15,4,3,2,3,0,0,15.0,7.0,1.18,10.0,6.5,1.22,10.3,5.5,1.25,15.0,6.5,1.2,16.77,6.86,1.23,11.0,6.0,1.25,15.0,7.0,1.2,45,17.5,14.49,7.0,6.57,1.29,1.2,35,1.68,1.61,2.4,2.28,30,2.0,1.87,1.81,2.12,2.05,16.4,6.42,1.24
96,6,FC Schalke 04,394,2016-04-02,31,FC Ingolstadt 04,145427,28,FINISHED,3:0,0:0,D1,2016-04-02,3,0,H,2,0,H,12,9,4,2,12,23,5,6,1,5,0,0,2.75,3.0,2.7,2.7,3.2,2.6,2.75,3.2,2.5,2.7,3.1,2.7,2.77,3.35,2.77,2.7,3.1,2.7,2.75,3.3,2.7,43,2.85,2.73,3.35,3.2,2.78,2.66,36,2.33,2.22,1.72,1.65,27,0.0,1.98,1.94,1.97,1.91,2.88,3.37,2.66
97,7,Hamburger SV,394,2015-09-22,31,FC Ingolstadt 04,145625,6,FINISHED,0:1,0:0,D1,2015-09-22,0,1,A,0,0,D,12,8,1,3,15,16,8,5,2,1,0,0,2.3,3.3,3.25,2.3,3.2,3.1,2.3,3.3,2.9,2.2,3.1,3.3,2.31,3.34,3.45,2.3,3.2,3.2,2.25,3.4,3.4,38,2.35,2.28,3.4,3.25,3.45,3.25,33,2.28,2.18,1.73,1.67,23,0.0,1.66,1.62,2.43,2.34,2.41,3.34,3.26
98,8,Hannover 96,394,2016-04-23,31,FC Ingolstadt 04,145397,31,FINISHED,2:2,0:0,D1,2016-04-23,2,2,D,2,0,H,8,14,3,4,10,13,2,7,2,2,1,0,1.91,3.4,4.33,1.83,3.5,4.25,1.8,3.5,4.2,1.83,3.5,4.33,1.89,3.74,4.45,1.91,3.4,4.2,1.85,3.7,4.4,44,1.91,1.86,3.76,3.54,4.45,4.26,37,2.04,1.97,1.91,1.82,27,-0.5,1.9,1.85,2.08,2.0,2.16,3.49,3.69
99,9,Hertha BSC,394,2015-10-24,31,FC Ingolstadt 04,145589,10,FINISHED,0:1,0:0,D1,2015-10-24,0,1,A,0,1,A,18,5,3,1,12,12,8,2,2,3,0,0,2.4,3.2,3.1,2.5,3.2,2.8,2.5,3.1,2.8,2.4,3.1,3.0,2.53,3.25,3.15,2.5,3.1,2.9,2.5,3.3,3.0,42,2.53,2.47,3.32,3.16,3.21,2.98,35,2.38,2.29,1.65,1.61,23,-0.25,2.15,2.1,1.83,1.78,2.58,3.39,2.97
100,55,SV Darmstadt 98,394,2015-11-22,31,FC Ingolstadt 04,145559,13,FINISHED,3:1,0:0,D1,2015-11-22,3,1,H,0,1,A,16,8,6,2,19,25,5,5,2,3,0,0,2.05,3.25,4.0,2.1,3.25,3.5,2.2,3.2,3.2,2.05,3.2,3.8,2.08,3.33,4.2,2.1,3.2,3.75,2.05,3.4,3.9,43,2.2,2.05,3.4,3.22,4.2,3.87,36,2.51,2.38,1.63,1.57,25,-0.5,2.11,2.06,1.86,1.81,2.17,3.34,3.84
101,2,TSG 1899 Hoffenheim,394,2015-12-05,31,FC Ingolstadt 04,145541,15,FINISHED,1:1,0:0,D1,2015-12-05,1,1,D,0,0,D,9,7,2,2,11,18,2,1,2,1,0,0,2.25,3.3,3.3,2.35,3.3,2.95,2.4,3.3,2.75,2.3,3.2,3.1,2.39,3.32,3.33,2.4,3.1,3.1,2.38,3.4,3.13,46,2.45,2.34,3.4,3.24,3.33,3.13,40,2.29,2.17,1.73,1.68,27,-0.25,2.12,2.01,1.9,1.85,2.38,3.32,3.34
102,10,VfB Stuttgart,394,2016-03-12,31,FC Ingolstadt 04,145446,26,FINISHED,3:3,0:0,D1,2016-03-12,3,3,D,1,1,D,22,16,8,6,13,20,3,7,2,3,0,0,3.0,3.2,2.5,2.9,3.25,2.4,2.6,3.2,2.6,2.8,3.3,2.5,2.87,3.41,2.64,2.8,3.1,2.62,2.8,3.4,2.55,45,3.0,2.81,3.46,3.28,2.64,2.54,39,2.03,1.95,1.92,1.84,28,0.25,1.75,1.71,2.28,2.2,3.1,3.41,2.48
103,11,VfL Wolfsburg,394,2015-09-12,31,FC Ingolstadt 04,145643,4,FINISHED,0:0,0:0,D1,2015-09-12,0,0,D,0,0,D,5,17,1,3,10,15,2,5,2,3,0,0,4.0,3.6,1.91,4.1,3.6,1.9,4.0,3.45,1.85,4.0,3.5,1.85,4.29,3.73,1.93,4.2,3.4,1.91,4.0,3.75,1.95,34,4.35,4.02,3.8,3.6,1.95,1.89,29,1.81,1.75,2.16,2.06,23,0.5,2.01,1.95,1.95,1.89,4.17,3.63,1.98
104,12,Werder Bremen,394,2016-02-20,31,FC Ingolstadt 04,145481,22,FINISHED,2:0,0:0,D1,2016-02-20,2,0,H,1,0,H,9,12,4,2,15,23,0,4,2,2,0,0,2.1,3.3,3.6,2.15,3.3,3.3,2.3,3.2,3.0,2.1,3.3,3.5,2.16,3.44,3.75,2.05,3.4,3.6,2.1,3.5,3.6,46,2.3,2.12,3.5,3.35,3.78,3.54,37,2.15,2.06,1.81,1.74,30,-0.25,1.85,1.82,2.11,2.05,2.25,3.31,3.65
105,3,Bayer Leverkusen,394,2016-04-23,6,FC Schalke 04,145399,31,FINISHED,2:3,0:0,D1,2016-04-23,2,3,A,2,0,H,20,16,8,6,19,16,6,4,3,3,0,0,3.0,3.3,2.4,2.85,3.5,2.3,2.6,3.2,2.6,2.88,3.5,2.3,3.09,3.66,2.36,3.0,3.2,2.4,3.0,3.7,2.3,45,3.09,2.95,3.7,3.42,2.6,2.36,38,1.84,1.79,2.1,2.01,28,0.25,1.89,1.84,2.1,2.02,3.14,3.65,2.34
106,18,Bor. Mönchengladbach,394,2016-03-18,6,FC Schalke 04,145434,27,FINISHED,2:1,0:0,D1,2016-03-18,2,1,H,0,0,D,6,22,3,8,11,10,2,5,1,0,0,0,2.45,3.5,2.8,2.5,3.3,2.85,2.4,3.3,2.75,2.4,3.3,2.8,2.59,3.47,2.89,2.4,3.5,2.8,2.5,3.4,2.8,47,2.6,2.47,3.76,3.41,2.91,2.82,38,1.84,1.76,2.18,2.05,28,-0.25,2.23,2.14,1.91,1.75,2.62,3.57,2.79
107,4,Borussia Dortmund,394,2016-04-10,6,FC Schalke 04,145416,29,FINISHED,2:2,0:0,D1,2016-04-10,2,2,D,0,0,D,10,16,2,5,22,13,1,9,5,3,0,0,4.2,4.0,1.73,4.33,3.6,1.78,4.2,3.5,1.8,4.33,4.0,1.73,4.82,4.17,1.75,4.33,4.0,1.73,4.5,4.1,1.75,46,4.82,4.42,4.2,3.94,1.8,1.73,37,1.64,1.58,2.47,2.34,28,1.0,1.72,1.66,2.4,2.26,3.56,3.5,2.2
108,19,Eintracht Frankfurt,394,2015-09-23,6,FC Schalke 04,145626,6,FINISHED,2:0,0:0,D1,2015-09-23,2,0,H,0,0,D,13,18,7,6,9,17,5,7,2,2,0,0,1.83,3.8,4.2,1.8,3.9,4.25,1.75,3.5,4.5,1.8,3.8,4.0,1.85,4.03,4.31,1.75,4.0,4.2,1.83,4.2,4.1,39,1.87,1.8,4.2,3.83,4.5,4.15,28,1.57,1.53,2.6,2.44,24,-0.5,1.85,1.8,2.12,2.05,2.04,3.81,3.75
109,16,FC Augsburg,394,2016-05-07,6,FC Schalke 04,145382,33,FINISHED,1:1,0:0,D1,2016-05-07,1,1,D,0,0,D,20,5,5,2,10,17,9,2,1,5,0,0,1.7,4.2,4.5,1.7,3.9,4.5,1.65,3.7,4.9,1.67,4.0,4.5,1.72,4.28,4.85,1.67,4.2,4.5,1.73,4.1,4.6,46,1.74,1.7,4.31,4.06,4.9,4.59,33,1.53,1.49,2.7,2.55,30,-0.75,1.93,1.89,2.02,1.97,1.72,4.33,4.77
110,5,FC Bayern München,394,2015-11-21,6,FC Schalke 04,145561,13,FINISHED,1:3,0:0,D1,2015-11-21,1,3,A,1,1,D,5,24,1,8,12,10,4,6,2,0,0,0,13.0,6.5,1.22,13.0,6.5,1.26,10.0,5.2,1.27,11.0,6.0,1.25,12.9,6.61,1.26,12.0,5.0,1.29,11.5,6.5,1.25,43,13.0,11.47,6.63,6.12,1.29,1.25,36,1.45,1.42,3.25,2.79,25,2.0,1.81,1.74,2.21,2.15,11.3,6.3,1.29
111,31,FC Ingolstadt 04,394,2015-10-31,6,FC Schalke 04,145578,11,FINISHED,1:1,0:0,D1,2015-10-31,1,1,D,0,1,A,18,7,3,2,17,18,3,3,1,2,0,0,1.8,3.5,4.75,1.83,3.5,4.6,1.8,3.5,4.2,1.8,3.4,4.5,1.83,3.67,5.0,1.85,3.4,4.5,1.83,3.75,4.4,47,1.87,1.81,3.85,3.57,5.0,4.52,42,2.07,1.95,1.92,1.84,29,-0.5,1.84,1.81,2.13,2.04,1.78,3.75,5.2
112,7,Hamburger SV,394,2016-03-02,6,FC Schalke 04,145464,24,FINISHED,3:2,0:0,D1,2016-03-02,3,2,H,1,1,D,26,8,9,4,14,18,8,6,2,0,0,1,1.85,3.6,4.33,1.83,3.5,4.25,1.9,3.45,3.8,1.85,3.5,4.2,1.92,3.7,4.4,1.91,3.5,4.0,1.87,3.75,4.2,47,1.92,1.86,3.75,3.56,4.6,4.25,40,1.95,1.87,2.0,1.91,30,-0.5,1.92,1.86,2.05,2.0,1.91,3.61,4.56
113,8,Hannover 96,394,2015-12-04,6,FC Schalke 04,145543,15,FINISHED,3:1,0:0,D1,2015-12-04,3,1,H,0,0,D,26,7,8,1,8,13,6,4,1,1,0,0,1.6,4.0,5.75,1.6,4.0,5.75,1.65,3.8,4.8,1.57,4.0,5.5,1.61,4.32,5.92,1.6,4.2,5.0,1.6,4.33,5.4,46,1.65,1.59,4.33,4.1,6.0,5.61,40,1.75,1.7,2.25,2.14,29,-1.0,2.07,2.0,1.9,1.85,1.61,4.21,6.25
114,9,Hertha BSC,394,2015-10-17,6,FC Schalke 04,145596,9,FINISHED,2:1,0:0,D1,2015-10-17,2,1,H,1,0,H,19,9,9,5,18,16,7,6,3,4,0,1,1.75,3.75,4.75,1.8,3.75,4.4,1.75,3.5,4.5,1.75,3.6,4.5,1.84,3.87,4.58,1.83,3.4,4.5,1.8,3.9,4.4,43,1.84,1.79,3.92,3.67,4.8,4.48,38,1.83,1.77,2.11,2.04,25,-0.75,2.09,2.01,1.88,1.85,1.96,3.71,4.16
115,55,SV Darmstadt 98,394,2015-08-22,6,FC Schalke 04,145662,2,FINISHED,1:1,0:0,D1,2015-08-22,1,1,D,0,1,A,21,9,5,3,16,18,6,6,1,2,0,0,1.44,4.5,7.5,1.45,4.33,6.75,1.45,4.0,7.0,1.44,4.33,8.0,1.45,4.91,7.93,1.44,4.2,8.0,1.45,4.8,7.0,40,1.45,1.42,5.0,4.59,9.0,7.54,37,1.69,1.64,2.34,2.22,26,-1.0,1.74,1.69,2.28,2.2,1.5,4.59,7.5
116,2,TSG 1899 Hoffenheim,394,2015-12-18,6,FC Schalke 04,145526,17,FINISHED,1:0,0:0,D1,2015-12-18,1,0,H,1,0,H,16,18,3,1,14,11,3,1,1,2,0,0,1.67,4.0,5.0,1.7,3.8,5.0,1.8,3.5,4.2,1.67,3.8,4.75,1.69,4.19,5.22,1.7,3.8,4.8,1.67,4.2,5.0,48,1.8,1.68,4.22,3.93,5.25,4.98,42,1.75,1.69,2.25,2.15,28,-0.75,1.9,1.86,2.07,2.0,1.66,4.28,5.47
117,10,VfB Stuttgart,394,2016-02-21,6,FC Schalke 04,145482,22,FINISHED,1:1,0:0,D1,2016-02-21,1,1,D,1,0,H,15,19,5,8,16,16,4,13,3,1,0,0,2.15,3.75,3.1,2.15,3.5,3.3,2.0,3.3,3.6,2.1,3.6,3.2,2.18,3.77,3.36,2.2,3.3,3.3,2.15,3.8,3.2,45,2.2,2.13,3.99,3.62,3.6,3.24,32,1.6,1.55,2.52,2.37,29,-0.25,1.91,1.87,2.04,1.99,2.13,4.01,3.31
118,11,VfL Wolfsburg,394,2016-02-06,6,FC Schalke 04,145500,20,FINISHED,3:0,0:0,D1,2016-02-06,3,0,H,2,0,H,15,14,3,2,15,14,6,6,2,3,0,0,2.45,3.5,2.8,2.45,3.4,2.9,2.4,3.3,2.75,2.3,3.4,2.9,2.46,3.55,3.01,2.4,3.2,3.0,2.45,3.5,2.88,43,2.46,2.39,3.77,3.43,3.1,2.9,37,1.74,1.66,2.31,2.19,25,-0.25,2.14,2.07,1.83,1.8,2.48,3.54,2.99
119,12,Werder Bremen,394,2016-01-24,6,FC Schalke 04,145518,18,FINISHED,1:3,0:0,D1,2016-01-24,1,3,A,1,1,D,20,17,4,6,14,13,13,1,1,3,0,0,1.67,4.0,5.0,1.67,3.8,5.25,1.75,3.5,4.5,1.62,3.8,5.25,1.68,4.19,5.37,1.7,3.75,5.0,1.67,4.2,5.0,44,1.75,1.66,4.2,3.96,5.5,5.02,37,1.67,1.62,2.36,2.27,26,-0.75,1.88,1.84,2.08,2.02,1.71,4.22,4.99
120,3,Bayer Leverkusen,394,2015-10-17,7,Hamburger SV,145593,9,FINISHED,0:0,0:0,D1,2015-10-17,0,0,D,0,0,D,8,10,3,3,22,20,3,5,6,2,0,0,4.75,3.5,1.8,4.6,3.6,1.8,4.2,3.5,1.8,4.5,3.6,1.75,4.49,3.84,1.86,4.5,3.4,1.85,4.6,3.5,1.85,42,4.9,4.53,3.9,3.6,1.85,1.8,39,1.99,1.92,1.92,1.87,25,0.75,1.86,1.82,2.09,2.04,4.59,3.84,1.85
121,18,Bor. Mönchengladbach,394,2016-02-14,7,Hamburger SV,145486,21,FINISHED,3:2,0:0,D1,2016-02-14,3,2,H,2,1,H,17,10,9,4,15,9,3,6,3,1,0,0,3.3,3.6,2.1,3.1,3.4,2.2,2.9,3.3,2.3,3.25,3.4,2.15,3.47,3.63,2.19,3.3,3.3,2.2,3.3,3.6,2.2,42,3.58,3.28,3.77,3.49,2.3,2.16,35,1.77,1.73,2.22,2.09,28,0.25,2.04,1.98,1.91,1.87,3.6,3.61,2.15
122,4,Borussia Dortmund,394,2015-11-20,7,Hamburger SV,145557,13,FINISHED,3:1,0:0,D1,2015-11-20,3,1,H,2,0,H,7,21,2,7,17,9,2,7,0,1,0,0,8.5,5.0,1.36,7.75,5.25,1.36,7.0,4.6,1.4,7.5,5.0,1.36,8.55,5.27,1.4,9.0,5.0,1.33,8.0,5.4,1.36,43,9.0,8.01,5.5,5.06,1.42,1.37,33,1.6,1.55,2.7,2.41,27,1.5,1.9,1.83,2.11,2.04,10.24,5.42,1.35
123,19,Eintracht Frankfurt,394,2015-09-19,7,Hamburger SV,145630,5,FINISHED,0:0,0:0,D1,2015-09-19,0,0,D,0,0,D,11,7,2,4,11,17,5,11,0,4,0,0,2.5,3.5,2.75,2.55,3.3,2.65,2.5,3.3,2.65,2.5,3.5,2.75,2.58,3.63,2.8,2.5,3.3,2.8,2.5,3.75,2.8,39,2.61,2.48,3.75,3.49,2.86,2.73,30,1.66,1.61,2.43,2.28,25,0.0,1.89,1.83,2.08,2.02,2.51,3.52,2.96
124,16,FC Augsburg,394,2015-12-19,7,Hamburger SV,145521,17,FINISHED,0:1,0:0,D1,2015-12-19,0,1,A,0,0,D,14,17,2,7,13,14,4,6,0,2,0,0,2.4,3.3,3.0,2.35,3.25,2.95,2.3,3.3,2.9,2.3,3.25,3.1,2.38,3.38,3.29,2.4,3.2,3.0,2.38,3.4,3.1,48,2.44,2.36,3.44,3.29,3.29,3.05,42,2.14,2.05,1.82,1.75,29,-0.25,2.08,2.02,1.9,1.84,2.44,3.38,3.18
125,5,FC Bayern München,394,2016-01-22,7,Hamburger SV,145512,18,FINISHED,1:2,0:1,D1,2016-01-22,1,2,A,0,1,A,7,20,1,5,21,11,2,7,4,2,0,0,13.0,6.5,1.22,11.5,6.75,1.24,9.0,5.0,1.3,15.0,6.5,1.2,16.2,7.3,1.22,13.0,6.0,1.22,15.0,7.5,1.18,44,16.2,13.5,7.5,6.55,1.3,1.21,35,1.53,1.49,2.7,2.56,28,2.0,1.91,1.86,2.06,2.0,16.0,7.17,1.22
126,31,FC Ingolstadt 04,394,2016-02-27,7,Hamburger SV,145468,23,FINISHED,1:1,0:0,D1,2016-02-27,1,1,D,1,0,H,7,12,2,3,17,12,2,5,3,5,0,0,2.4,3.0,3.3,2.45,3.1,2.95,2.3,3.2,3.0,2.4,3.0,3.1,2.51,3.18,3.23,2.5,3.0,3.0,2.45,3.2,3.13,47,2.52,2.43,3.2,3.1,3.3,3.1,38,2.56,2.42,1.6,1.54,30,-0.25,2.13,2.06,1.85,1.81,2.42,3.12,3.5
127,6,FC Schalke 04,394,2015-09-26,7,Hamburger SV,145612,7,FINISHED,0:1,0:0,D1,2015-09-26,0,1,A,0,0,D,13,10,4,5,14,14,4,4,1,3,0,0,2.88,3.5,2.4,2.85,3.3,2.5,2.75,3.3,2.4,2.75,3.4,2.4,2.88,3.56,2.55,2.9,3.2,2.5,2.8,3.6,2.5,39,2.9,2.8,3.6,3.39,2.6,2.48,35,1.95,1.84,2.04,1.94,25,0.0,2.09,2.03,1.88,1.82,2.8,3.67,2.56
128,8,Hannover 96,394,2015-11-01,7,Hamburger SV,145575,11,FINISHED,1:2,0:0,D1,2015-11-01,1,2,A,1,0,H,17,5,4,2,12,15,5,3,0,0,0,0,2.0,3.3,4.0,2.0,3.4,3.6,1.9,3.45,3.8,1.91,3.3,4.0,2.01,3.47,4.26,2.0,3.1,4.2,1.95,3.5,4.1,47,2.05,1.97,3.6,3.36,4.35,3.98,41,2.25,2.12,1.75,1.7,29,-0.5,2.02,1.97,1.95,1.89,2.1,3.45,3.93
129,9,Hertha BSC,394,2016-03-06,7,Hamburger SV,145450,25,FINISHED,2:0,0:0,D1,2016-03-06,2,0,H,0,0,D,14,3,5,1,12,9,3,2,4,1,0,0,2.88,3.1,2.63,2.7,3.25,2.55,2.6,3.2,2.6,2.9,3.0,2.5,3.03,3.2,2.65,2.8,3.0,2.7,2.88,3.25,2.6,44,3.03,2.88,3.3,3.12,2.7,2.58,35,2.45,2.33,1.65,1.58,28,0.0,2.1,2.03,1.86,1.82,2.76,3.27,2.84
130,55,SV Darmstadt 98,394,2016-04-09,7,Hamburger SV,145412,29,FINISHED,1:2,0:0,D1,2016-04-09,1,2,A,0,1,A,9,9,3,4,15,19,5,1,3,2,0,0,2.05,3.4,3.6,2.05,3.25,3.6,2.1,3.3,3.3,2.1,3.2,3.6,2.15,3.33,3.93,2.1,3.25,3.6,2.1,3.4,3.7,47,2.15,2.09,3.4,3.25,4.05,3.7,39,2.35,2.25,1.7,1.63,30,-0.25,1.84,1.8,2.11,2.06,2.15,3.3,3.96
131,2,TSG 1899 Hoffenheim,394,2016-03-19,7,Hamburger SV,145431,27,FINISHED,1:3,0:0,D1,2016-03-19,1,3,A,1,2,A,24,14,11,9,12,18,10,3,3,1,0,0,2.25,3.4,3.2,2.2,3.3,3.2,2.2,3.3,3.1,2.2,3.3,3.25,2.29,3.51,3.35,2.25,3.3,3.2,2.25,3.5,3.25,46,2.3,2.22,3.56,3.4,3.36,3.2,40,1.98,1.87,1.99,1.91,31,-0.25,2.02,1.93,1.98,1.93,2.38,3.41,3.26
132,10,VfB Stuttgart,394,2015-08-22,7,Hamburger SV,145656,2,FINISHED,3:2,0:0,D1,2015-08-22,3,2,H,1,2,A,14,12,5,4,18,22,0,5,3,3,0,1,2.88,3.5,2.4,2.8,3.3,2.45,2.55,3.4,2.55,2.8,3.5,2.5,2.99,3.52,2.49,2.9,3.2,2.5,2.9,3.6,2.45,40,3.01,2.85,3.6,3.4,2.6,2.43,38,1.82,1.74,2.17,2.07,26,0.0,2.17,2.07,1.82,1.76,2.87,3.58,2.55
133,11,VfL Wolfsburg,394,2016-05-07,7,Hamburger SV,145377,33,FINISHED,0:1,0:0,D1,2016-05-07,0,1,A,0,0,D,5,11,0,6,18,10,5,4,0,0,0,0,2.7,3.4,2.63,2.6,3.2,2.7,2.4,3.3,2.75,2.62,3.3,2.62,2.75,3.48,2.7,2.6,3.3,2.7,2.7,3.4,2.63,45,2.76,2.67,3.51,3.31,2.75,2.65,38,1.83,1.76,2.15,2.05,27,0.0,1.99,1.94,1.97,1.92,2.62,3.54,2.81
134,12,Werder Bremen,394,2016-04-22,7,Hamburger SV,145395,31,FINISHED,2:1,0:0,D1,2016-04-22,2,1,H,2,0,H,12,21,7,10,22,11,5,4,3,4,0,0,2.6,3.5,2.63,2.6,3.55,2.6,2.4,3.3,2.75,2.5,3.5,2.6,2.68,3.52,2.76,2.6,3.3,2.7,2.55,3.6,2.7,45,2.68,2.58,3.6,3.43,2.82,2.69,36,1.78,1.72,2.19,2.11,27,0.0,1.96,1.89,2.01,1.96,2.88,3.52,2.57
135,3,Bayer Leverkusen,394,2015-08-22,8,Hannover 96,145657,2,FINISHED,0:1,0:0,D1,2015-08-22,0,1,A,0,1,A,6,11,3,4,15,21,3,8,0,0,0,0,4.2,3.75,1.83,4.0,3.6,1.85,3.75,3.5,1.9,4.5,3.8,1.8,4.65,3.88,1.83,4.2,3.5,1.85,4.5,3.8,1.85,40,4.65,4.35,4.0,3.68,1.9,1.8,38,1.84,1.76,2.11,2.03,26,0.5,2.14,2.05,1.85,1.79,4.65,3.85,1.83
136,18,Bor. Mönchengladbach,394,2016-04-15,8,Hannover 96,145407,30,FINISHED,2:0,0:0,D1,2016-04-15,2,0,H,0,0,D,12,8,8,2,22,11,5,3,2,0,0,0,5.5,4.0,1.62,5.0,4.1,1.65,4.7,3.6,1.7,5.0,4.0,1.65,5.36,4.26,1.67,4.75,4.0,1.67,5.0,4.33,1.65,46,5.5,5.03,4.33,4.08,1.76,1.65,35,1.66,1.61,2.4,2.28,30,0.75,2.11,2.04,1.87,1.83,5.28,4.33,1.67
137,4,Borussia Dortmund,394,2015-09-12,8,Hannover 96,145640,4,FINISHED,2:4,0:0,D1,2015-09-12,2,4,A,1,2,A,5,17,3,6,15,16,2,4,3,1,0,0,7.5,4.5,1.44,7.25,4.5,1.45,7.0,4.0,1.45,6.5,4.5,1.44,7.68,4.76,1.47,7.0,4.5,1.44,6.5,5.0,1.5,35,7.8,7.08,5.0,4.55,1.47,1.44,25,1.63,1.55,2.55,2.4,23,1.25,1.89,1.85,2.05,2.0,8.51,5.35,1.4
138,19,Eintracht Frankfurt,394,2015-10-24,8,Hannover 96,145587,10,FINISHED,1:2,0:0,D1,2015-10-24,1,2,A,0,0,D,10,5,4,4,13,14,3,2,1,4,0,0,2.5,3.4,2.8,2.5,3.3,2.7,2.4,3.3,2.75,2.4,3.3,2.75,2.58,3.54,2.85,2.6,3.1,2.8,2.5,3.6,2.75,42,2.62,2.49,3.6,3.4,2.91,2.78,37,1.78,1.71,2.2,2.11,24,0.0,1.88,1.83,2.07,2.01,2.66,3.5,2.78
139,16,FC Augsburg,394,2016-02-21,8,Hannover 96,145478,22,FINISHED,0:1,0:0,D1,2016-02-21,0,1,A,0,1,A,16,11,6,6,12,15,5,2,2,2,0,0,2.63,3.3,2.75,2.7,3.1,2.7,2.6,3.2,2.6,2.62,3.2,2.7,2.73,3.35,2.81,2.7,3.1,2.7,2.7,3.3,2.75,45,2.75,2.66,3.46,3.24,2.85,2.7,37,2.09,2.01,1.85,1.77,28,0.0,1.95,1.91,2.0,1.94,2.57,3.34,3.02
140,5,FC Bayern München,394,2015-12-19,8,Hannover 96,145522,17,FINISHED,0:1,0:0,D1,2015-12-19,0,1,A,0,1,A,6,20,1,11,10,10,5,5,0,0,0,0,15.0,6.5,1.2,13.5,6.25,1.22,10.3,5.5,1.25,13.0,6.5,1.2,17.1,7.29,1.21,13.0,6.0,1.22,15.0,7.0,1.2,47,17.3,14.15,7.3,6.48,1.25,1.21,37,1.54,1.49,2.75,2.55,31,2.0,1.88,1.83,2.12,2.03,15.8,7.05,1.23
141,31,FC Ingolstadt 04,394,2015-11-28,8,Hannover 96,145551,14,FINISHED,4:0,0:0,D1,2015-11-28,4,0,H,3,0,H,8,11,4,5,21,14,3,4,3,3,0,0,2.6,3.2,2.8,2.65,3.1,2.7,2.5,3.3,2.65,2.62,3.1,2.75,2.75,3.22,2.89,2.7,3.1,2.7,2.7,3.25,2.88,47,2.75,2.66,3.3,3.11,2.96,2.79,41,2.42,2.3,1.66,1.6,26,0.0,1.92,1.88,2.02,1.97,2.85,3.26,2.76
142,6,FC Schalke 04,394,2016-04-30,8,Hannover 96,145389,32,FINISHED,1:3,0:0,D1,2016-04-30,1,3,A,1,2,A,21,10,2,7,15,17,9,3,0,0,0,0,3.8,4.0,1.85,4.0,3.9,1.83,4.0,3.45,1.85,4.0,3.8,1.8,4.12,4.05,1.88,4.5,3.5,1.8,4.0,4.1,1.83,46,4.5,4.01,4.1,3.85,1.91,1.83,34,1.61,1.55,2.56,2.39,28,0.75,1.85,1.8,2.13,2.05,4.33,4.17,1.82
143,7,Hamburger SV,394,2016-04-02,8,Hannover 96,145425,28,FINISHED,0:3,0:0,D1,2016-04-02,0,3,A,0,0,D,16,9,8,4,15,12,5,4,1,1,0,0,3.1,3.25,2.38,2.9,3.25,2.4,2.9,3.3,2.3,3.0,3.25,2.38,3.14,3.41,2.45,3.1,3.1,2.4,3.0,3.4,2.4,43,3.18,3.01,3.41,3.28,2.48,2.39,37,2.22,2.15,1.76,1.69,27,0.25,1.85,1.8,2.12,2.07,3.22,3.46,2.38
144,9,Hertha BSC,394,2015-11-06,8,Hannover 96,145570,12,FINISHED,1:3,0:0,D1,2015-11-06,1,3,A,0,1,A,7,12,2,4,19,9,2,2,2,3,0,0,2.63,3.3,2.7,2.7,3.05,2.7,2.6,3.1,2.7,2.62,3.1,2.7,2.78,3.29,2.81,2.6,3.2,2.75,2.7,3.4,2.7,41,2.81,2.7,3.4,3.18,2.84,2.71,35,2.26,2.17,1.75,1.68,23,0.0,1.99,1.92,2.0,1.92,2.8,3.27,2.8
145,55,SV Darmstadt 98,394,2016-01-23,8,Hannover 96,145513,18,FINISHED,1:2,0:0,D1,2016-01-23,1,2,A,1,1,D,13,13,5,5,13,21,6,4,2,5,0,0,2.3,3.3,3.2,2.25,3.3,3.1,2.1,3.3,3.3,2.2,3.25,3.3,2.26,3.37,3.56,2.3,3.2,3.2,2.25,3.3,3.4,44,2.31,2.24,3.4,3.26,3.56,3.31,38,2.29,2.19,1.72,1.66,27,-0.25,1.98,1.92,2.0,1.94,2.44,3.32,3.23
146,2,TSG 1899 Hoffenheim,394,2016-05-07,8,Hannover 96,145378,33,FINISHED,1:0,0:0,D1,2016-05-07,1,0,H,1,0,H,15,15,4,4,20,20,3,5,3,2,0,0,3.4,3.75,2.05,3.4,3.6,2.0,3.8,3.45,1.9,3.3,3.8,2.0,3.42,3.88,2.13,3.25,3.8,2.05,3.25,3.75,2.1,46,3.8,3.4,3.88,3.68,2.15,2.04,33,1.56,1.5,2.67,2.52,29,0.5,1.86,1.82,2.13,2.04,2.83,3.8,2.48
147,10,VfB Stuttgart,394,2015-09-23,8,Hannover 96,145622,6,FINISHED,1:3,0:0,D1,2015-09-23,1,3,A,1,2,A,8,19,3,12,15,17,3,7,3,3,0,0,2.88,3.5,2.4,2.85,3.3,2.4,2.65,3.3,2.5,2.9,3.4,2.3,2.97,3.59,2.47,3.1,3.1,2.4,2.88,3.6,2.45,39,3.1,2.85,3.6,3.45,2.5,2.4,34,1.73,1.67,2.28,2.18,24,0.25,1.83,1.79,2.14,2.07,3.06,3.69,2.37
148,11,VfL Wolfsburg,394,2016-03-01,8,Hannover 96,145460,24,FINISHED,0:4,0:0,D1,2016-03-01,0,4,A,0,1,A,6,23,2,11,5,8,1,7,2,1,0,0,4.2,3.75,1.85,3.7,3.75,1.95,3.6,3.3,2.0,4.2,3.6,1.83,3.81,3.75,2.04,4.0,3.6,1.85,3.7,3.75,2.0,47,4.6,3.88,3.8,3.62,2.04,1.94,39,1.88,1.82,2.1,1.96,30,0.5,1.96,1.9,2.03,1.96,4.28,3.68,1.94
149,12,Werder Bremen,394,2015-10-03,8,Hannover 96,145604,8,FINISHED,1:0,0:0,D1,2015-10-03,1,0,H,0,0,D,12,19,5,6,17,11,7,6,4,1,0,0,2.6,3.4,2.7,2.65,3.2,2.65,2.5,3.3,2.65,2.5,3.3,2.62,2.66,3.55,2.76,2.62,3.1,2.8,2.55,3.6,2.7,42,2.66,2.57,3.6,3.38,2.8,2.68,37,1.83,1.75,2.12,2.06,25,0.0,1.92,1.89,2.01,1.96,2.39,3.59,3.09
150,3,Bayer Leverkusen,394,2015-12-05,9,Hertha BSC,145540,15,FINISHED,2:1,0:0,D1,2015-12-05,2,1,H,1,1,D,10,8,4,2,18,15,8,2,1,3,0,1,3.75,3.4,2.05,3.6,3.4,2.1,3.1,3.3,2.2,3.6,3.4,2.05,3.91,3.53,2.08,3.75,3.1,2.1,3.6,3.6,2.05,46,3.91,3.66,3.6,3.39,2.2,2.05,41,2.02,1.96,1.9,1.84,27,0.5,1.87,1.83,2.1,2.03,4.49,3.58,1.93
151,18,Bor. Mönchengladbach,394,2015-10-31,9,Hertha BSC,145576,11,FINISHED,1:4,0:0,D1,2015-10-31,1,4,A,0,2,A,14,11,6,7,10,13,5,4,2,1,0,0,3.0,3.3,2.4,2.8,3.2,2.5,2.65,3.3,2.5,2.8,3.25,2.4,2.94,3.38,2.6,2.9,3.2,2.5,2.88,3.5,2.45,46,3.0,2.85,3.5,3.3,2.6,2.48,41,2.09,1.97,1.91,1.83,28,0.0,2.11,2.05,1.85,1.8,2.75,3.42,2.74
152,4,Borussia Dortmund,394,2016-02-06,9,Hertha BSC,145497,20,FINISHED,0:0,0:0,D1,2016-02-06,0,0,D,0,0,D,10,9,4,2,11,16,3,3,0,2,0,0,6.5,4.33,1.5,6.0,4.33,1.53,5.6,3.9,1.55,6.0,4.2,1.5,6.82,4.43,1.54,6.5,4.0,1.53,6.5,4.4,1.53,43,7.0,6.35,4.5,4.24,1.56,1.51,37,1.76,1.7,2.25,2.12,27,1.0,2.05,2.0,1.9,1.85,6.5,4.3,1.58
153,19,Eintracht Frankfurt,394,2016-03-02,9,Hertha BSC,145461,24,FINISHED,2:0,0:0,D1,2016-03-02,2,0,H,0,0,D,11,11,6,3,17,14,2,3,3,2,0,0,1.85,3.6,4.33,1.8,3.6,4.25,1.8,3.5,4.2,1.85,3.4,4.33,1.92,3.6,4.54,1.85,3.5,4.33,1.9,3.6,4.3,47,1.93,1.86,3.63,3.5,4.75,4.34,39,2.1,2.0,1.9,1.79,30,-0.5,1.92,1.87,2.03,1.99,2.04,3.53,4.05
154,16,FC Augsburg,394,2016-01-23,9,Hertha BSC,145514,18,FINISHED,0:0,0:0,D1,2016-01-23,0,0,D,0,0,D,12,11,2,5,15,19,6,2,2,3,0,0,2.2,3.3,3.4,2.2,3.3,3.2,2.3,3.2,3.0,2.2,3.25,3.3,2.23,3.36,3.64,2.3,3.2,3.2,2.15,3.4,3.5,44,2.3,2.21,3.4,3.26,3.64,3.39,38,2.33,2.21,1.7,1.65,27,-0.25,1.92,1.88,2.03,1.97,2.11,3.48,3.87
155,5,FC Bayern München,394,2016-04-23,9,Hertha BSC,145396,31,FINISHED,0:2,0:0,D1,2016-04-23,0,2,A,0,0,D,9,6,0,6,9,17,1,3,0,4,0,0,9.0,4.5,1.4,7.0,4.4,1.42,7.3,4.4,1.4,7.5,4.5,1.4,8.71,4.91,1.43,8.5,4.0,1.44,8.0,4.8,1.4,44,9.0,8.08,4.91,4.52,1.52,1.41,36,1.8,1.72,2.2,2.11,27,1.25,1.95,1.91,2.0,1.94,10.72,5.07,1.37
156,31,FC Ingolstadt 04,394,2016-03-19,9,Hertha BSC,145432,27,FINISHED,2:1,0:0,D1,2016-03-19,2,1,H,0,0,D,7,9,2,2,14,22,3,6,2,3,0,0,2.05,3.2,4.0,2.0,3.2,3.9,1.9,3.45,3.8,2.0,3.1,4.0,2.13,3.23,4.16,2.1,3.0,4.0,2.1,3.25,3.9,47,2.15,2.05,3.45,3.17,4.25,3.96,33,2.76,2.58,1.51,1.48,30,-0.5,2.13,2.06,1.84,1.81,2.04,3.31,4.38
157,6,FC Schalke 04,394,2016-03-11,9,Hertha BSC,145444,26,FINISHED,2:0,0:0,D1,2016-03-11,2,0,H,1,0,H,16,15,5,4,15,14,5,5,2,1,0,0,2.4,3.2,3.0,2.55,3.25,2.85,2.6,3.2,2.6,2.4,3.25,2.9,2.54,3.3,3.08,2.45,3.25,2.9,2.55,3.2,3.0,45,2.6,2.49,3.35,3.22,3.08,2.94,37,2.18,2.09,1.8,1.73,29,-0.25,2.19,2.13,1.8,1.76,2.6,3.33,2.99
158,7,Hamburger SV,394,2015-10-03,9,Hertha BSC,145605,8,FINISHED,3:0,0:0,D1,2015-10-03,3,0,H,1,0,H,13,8,6,2,13,15,4,5,1,1,0,0,2.2,3.2,3.5,2.15,3.3,3.3,2.2,3.2,3.2,2.1,3.25,3.5,2.17,3.38,3.8,2.15,3.25,3.5,2.15,3.4,3.6,41,2.2,2.14,3.44,3.26,3.83,3.52,37,2.23,2.11,1.8,1.71,24,-0.25,1.88,1.84,2.08,2.02,2.31,3.36,3.45
159,8,Hannover 96,394,2016-04-08,9,Hertha BSC,145413,29,FINISHED,2:2,0:0,D1,2016-04-08,2,2,D,1,1,D,13,11,8,3,10,21,7,4,3,4,0,0,1.5,4.2,7.0,1.5,4.1,6.25,1.4,4.6,7.0,1.5,4.0,6.5,1.52,4.42,7.23,1.5,4.0,7.0,1.5,4.33,7.0,47,1.53,1.5,4.6,4.12,7.5,6.84,40,2.06,1.97,1.92,1.82,32,-1.0,1.93,1.88,2.03,1.97,1.53,4.44,7.04
160,55,SV Darmstadt 98,394,2016-05-07,9,Hertha BSC,145379,33,FINISHED,1:2,0:0,D1,2016-05-07,1,2,A,1,1,D,17,7,4,3,18,22,10,1,3,1,0,1,1.75,3.6,5.0,1.7,3.75,4.6,1.75,3.6,4.3,1.75,3.6,4.5,1.83,3.84,4.71,1.83,3.2,4.8,1.8,3.8,4.5,46,1.83,1.78,3.84,3.67,5.0,4.54,40,1.91,1.84,2.05,1.95,30,-0.75,2.08,2.01,1.88,1.85,1.9,3.64,4.58
161,2,TSG 1899 Hoffenheim,394,2015-11-22,9,Hertha BSC,145558,13,FINISHED,1:0,0:0,D1,2015-11-22,1,0,H,1,0,H,1,7,0,0,26,16,2,3,2,1,0,0,2.0,3.5,3.8,2.05,3.3,3.6,2.1,3.3,3.3,2.0,3.4,3.75,2.06,3.56,3.93,2.1,3.3,3.6,2.0,3.6,3.75,43,2.1,2.02,3.6,3.42,4.0,3.72,38,1.98,1.91,1.97,1.88,25,-0.5,2.06,2.01,1.9,1.86,2.07,3.6,3.87
162,10,VfB Stuttgart,394,2015-09-12,9,Hertha BSC,145641,4,FINISHED,2:1,0:0,D1,2015-09-12,2,1,H,2,1,H,9,11,4,3,18,21,5,7,0,3,0,0,2.5,3.4,2.8,2.5,3.3,2.7,2.4,3.3,2.75,2.4,3.3,2.8,2.54,3.52,2.92,2.5,3.25,2.88,2.5,3.5,2.9,35,2.55,2.46,3.55,3.41,2.95,2.79,31,1.88,1.81,2.06,1.97,24,0.0,1.86,1.8,2.11,2.03,2.59,3.58,2.82
163,11,VfL Wolfsburg,394,2016-02-20,9,Hertha BSC,145479,22,FINISHED,1:1,0:0,D1,2016-02-20,1,1,D,0,0,D,9,13,5,6,17,16,3,5,3,2,0,0,2.75,3.3,2.6,2.8,3.2,2.65,2.6,3.2,2.6,2.75,3.2,2.6,2.89,3.35,2.66,2.75,3.2,2.6,2.8,3.4,2.55,46,2.89,2.79,3.4,3.24,2.7,2.59,37,2.25,2.15,1.76,1.69,29,0.0,2.08,2.01,1.89,1.84,2.85,3.43,2.65
164,12,Werder Bremen,394,2015-08-21,9,Hertha BSC,145658,2,FINISHED,1:1,0:0,D1,2015-08-21,1,1,D,1,1,D,10,9,2,3,11,16,6,2,0,1,0,0,2.05,3.5,3.6,2.1,3.3,3.4,2.1,3.3,3.3,2.1,3.4,3.6,2.11,3.49,3.86,2.05,3.4,3.6,2.1,3.5,3.7,38,2.15,2.07,3.6,3.41,3.86,3.6,37,2.13,2.03,1.82,1.77,25,-0.5,2.14,2.06,1.85,1.8,2.1,3.54,3.82
165,3,Bayer Leverkusen,394,2016-02-13,55,SV Darmstadt 98,145485,21,FINISHED,1:2,0:0,D1,2016-02-13,1,2,A,1,0,H,12,14,6,3,20,16,3,6,6,3,0,0,4.75,3.75,1.75,5.0,3.6,1.75,4.2,3.5,1.8,4.75,3.6,1.73,5.13,3.79,1.78,4.5,3.5,1.8,4.8,3.8,1.75,43,5.18,4.81,3.85,3.66,1.82,1.75,36,2.06,1.97,1.9,1.81,28,0.75,1.95,1.88,2.03,1.98,4.34,3.46,2.0
166,18,Bor. Mönchengladbach,394,2016-05-14,55,SV Darmstadt 98,145370,34,FINISHED,0:2,0:0,D1,2016-05-14,0,2,A,0,1,A,9,21,0,3,12,13,3,6,3,0,0,0,3.5,3.75,2.0,3.7,3.5,1.95,3.8,3.45,1.9,3.5,3.8,1.95,3.81,3.8,2.02,3.5,3.6,1.91,3.6,3.8,2.0,49,3.81,3.64,3.9,3.69,2.06,1.97,32,1.6,1.54,2.55,2.4,29,0.5,1.95,1.9,2.01,1.97,3.99,3.94,1.93
167,4,Borussia Dortmund,394,2016-03-02,55,SV Darmstadt 98,145459,24,FINISHED,0:2,0:0,D1,2016-03-02,0,2,A,0,1,A,5,13,1,7,12,16,2,4,0,1,0,0,8.0,4.75,1.4,7.0,4.75,1.4,7.3,4.4,1.4,7.5,4.5,1.4,8.39,4.98,1.43,7.0,4.5,1.44,8.0,5.0,1.4,47,8.68,7.87,5.0,4.72,1.44,1.4,38,1.71,1.65,2.35,2.22,31,1.25,1.99,1.94,1.96,1.92,6.88,4.09,1.58
168,19,Eintracht Frankfurt,394,2016-04-30,55,SV Darmstadt 98,145388,32,FINISHED,1:2,0:0,D1,2016-04-30,1,2,A,1,0,H,11,12,6,4,13,12,4,8,2,2,0,0,2.5,3.2,3.0,2.5,3.3,2.9,2.4,3.3,2.75,2.5,3.25,2.8,2.56,3.41,2.97,2.5,3.2,2.88,2.5,3.5,2.88,46,2.56,2.48,3.5,3.27,3.0,2.89,37,2.13,2.04,1.81,1.76,28,0.0,1.85,1.8,2.14,2.06,2.57,3.36,3.0
169,16,FC Augsburg,394,2016-03-12,55,SV Darmstadt 98,145442,26,FINISHED,2:2,0:0,D1,2016-03-12,2,2,D,2,0,H,11,16,6,5,14,17,3,8,2,1,0,0,2.8,3.1,2.7,2.65,3.2,2.65,2.6,3.2,2.6,2.75,3.1,2.62,2.86,3.31,2.71,2.7,3.1,2.7,2.8,3.3,2.63,45,2.88,2.75,3.31,3.18,2.75,2.65,38,2.3,2.16,1.75,1.68,28,0.25,1.71,1.67,2.33,2.26,2.8,3.24,2.82
170,5,FC Bayern München,394,2015-09-19,55,SV Darmstadt 98,145629,5,FINISHED,0:3,0:0,D1,2015-09-19,0,3,A,0,1,A,5,18,2,6,10,8,1,5,2,1,0,0,19.0,7.0,1.17,16.0,7.5,1.17,12.5,6.0,1.2,17.0,6.5,1.18,18.7,7.5,1.2,17.0,6.0,1.2,20.0,7.5,1.18,39,24.0,18.31,8.0,6.92,1.2,1.17,28,1.66,1.61,2.38,2.28,26,2.0,1.92,1.86,2.06,2.0,15.5,6.4,1.25
171,31,FC Ingolstadt 04,394,2016-04-16,55,SV Darmstadt 98,145406,30,FINISHED,2:0,0:0,D1,2016-04-16,2,0,H,0,0,D,6,8,3,3,20,22,2,4,2,3,0,0,2.55,3.2,2.88,2.5,3.1,2.85,2.6,3.0,2.8,2.6,3.0,2.9,2.66,3.19,3.02,2.62,3.0,2.9,2.63,3.2,2.9,47,2.66,2.57,3.3,3.13,3.03,2.88,38,2.41,2.28,1.67,1.61,28,0.0,1.88,1.83,2.11,2.03,2.77,3.21,2.88
172,6,FC Schalke 04,394,2016-01-30,55,SV Darmstadt 98,145505,19,FINISHED,0:2,0:0,D1,2016-01-30,0,2,A,0,1,A,6,11,2,7,13,20,2,9,3,2,0,0,3.4,3.4,2.15,3.4,3.3,2.2,2.9,3.3,2.3,3.3,3.3,2.15,3.54,3.5,2.21,3.3,3.2,2.25,3.4,3.5,2.15,44,3.54,3.34,3.59,3.36,2.3,2.18,38,2.04,1.96,1.93,1.83,26,0.25,2.04,1.99,1.93,1.87,3.35,3.48,2.3
173,7,Hamburger SV,394,2015-11-07,55,SV Darmstadt 98,145569,12,FINISHED,1:1,0:0,D1,2015-11-07,1,1,D,0,1,A,15,8,3,3,14,18,3,2,4,2,0,0,2.75,3.0,2.8,2.7,3.05,2.7,2.6,3.2,2.6,2.7,3.0,2.75,2.77,3.18,2.9,2.7,3.1,2.7,2.7,3.25,2.8,42,2.85,2.7,3.3,3.12,2.9,2.74,34,2.51,2.38,1.65,1.57,24,0.0,1.98,1.9,2.01,1.94,2.68,3.3,2.91
174,8,Hannover 96,394,2015-08-15,55,SV Darmstadt 98,145666,1,FINISHED,2:2,0:0,D1,2015-08-15,2,2,D,1,0,H,11,14,4,5,21,22,5,9,1,2,0,0,2.5,3.3,2.9,2.5,3.25,2.75,2.5,3.3,2.65,2.55,3.25,2.9,2.56,3.35,3.02,2.5,3.2,2.9,2.55,3.4,3.0,43,2.65,2.49,3.4,3.25,3.02,2.87,41,2.22,2.13,1.76,1.7,27,0.0,1.88,1.8,2.14,2.05,2.7,3.28,2.9
175,9,Hertha BSC,394,2015-12-12,55,SV Darmstadt 98,145532,16,FINISHED,0:4,0:0,D1,2015-12-12,0,4,A,0,2,A,10,9,3,5,18,12,4,3,4,1,0,0,3.1,3.1,2.5,2.9,3.1,2.5,2.65,3.3,2.5,3.0,3.0,2.5,3.17,3.18,2.56,3.1,3.0,2.5,3.1,3.2,2.5,48,3.2,3.03,3.3,3.07,2.61,2.5,37,2.61,2.43,1.57,1.54,27,0.0,2.2,2.12,1.79,1.75,2.76,3.06,3.02
176,2,TSG 1899 Hoffenheim,394,2015-08-29,55,SV Darmstadt 98,145648,3,FINISHED,0:0,0:0,D1,2015-08-29,0,0,D,0,0,D,5,15,1,2,13,16,4,6,3,2,0,0,3.0,3.3,2.4,2.75,3.3,2.5,2.65,3.3,2.5,3.0,3.4,2.38,3.03,3.49,2.48,2.88,3.3,2.45,2.9,3.5,2.45,37,3.25,2.91,3.5,3.36,2.5,2.4,35,1.95,1.85,2.02,1.92,23,0.25,1.84,1.79,2.13,2.06,3.11,3.46,2.44
177,10,VfB Stuttgart,394,2016-04-02,55,SV Darmstadt 98,145424,28,FINISHED,2:2,0:0,D1,2016-04-02,2,2,D,1,2,A,15,9,6,3,14,18,6,3,4,1,0,0,3.4,3.3,2.2,3.0,3.3,2.3,2.75,3.3,2.4,3.0,3.4,2.25,3.23,3.57,2.32,3.1,3.5,2.2,3.1,3.6,2.25,43,3.4,3.11,3.6,3.42,2.4,2.27,37,1.92,1.75,2.15,2.05,29,0.25,1.95,1.91,2.01,1.96,3.15,3.6,2.35
178,11,VfL Wolfsburg,394,2015-10-24,55,SV Darmstadt 98,145586,10,FINISHED,0:1,0:0,D1,2015-10-24,0,1,A,0,0,D,9,19,3,6,14,16,5,3,2,1,0,0,4.75,3.75,1.75,4.33,3.6,1.85,3.8,3.45,1.9,4.33,3.6,1.8,4.62,3.75,1.86,4.5,3.4,1.83,4.33,3.8,1.83,42,4.75,4.41,3.81,3.57,1.9,1.82,38,1.99,1.92,1.95,1.87,23,0.5,2.09,2.04,1.87,1.82,4.7,3.61,1.88
179,12,Werder Bremen,394,2015-09-22,55,SV Darmstadt 98,145621,6,FINISHED,2:1,0:0,D1,2015-09-22,2,1,H,1,1,D,9,12,3,4,20,19,5,1,3,1,0,1,2.63,3.25,2.8,2.65,3.2,2.65,2.6,3.2,2.6,2.5,3.2,2.75,2.64,3.44,2.85,2.7,3.1,2.7,2.63,3.5,2.8,38,2.75,2.61,3.5,3.26,2.86,2.74,33,2.15,2.06,1.81,1.75,25,0.0,1.97,1.87,2.05,1.98,3.05,3.51,2.45
180,3,Bayer Leverkusen,394,2016-01-23,2,TSG 1899 Hoffenheim,145515,18,FINISHED,1:1,0:0,D1,2016-01-23,1,1,D,1,0,H,5,17,3,8,16,15,2,9,2,2,0,0,4.33,3.8,1.8,4.33,3.75,1.8,3.8,3.45,1.9,4.33,3.8,1.75,4.77,4.03,1.78,4.5,3.4,1.83,4.6,4.0,1.75,44,4.77,4.36,4.1,3.85,1.9,1.77,38,1.76,1.69,2.22,2.15,26,0.75,1.95,1.89,2.05,1.97,5.36,4.05,1.7
181,18,Bor. Mönchengladbach,394,2015-11-28,2,TSG 1899 Hoffenheim,145552,14,FINISHED,3:3,0:0,D1,2015-11-28,3,3,D,2,1,H,18,16,6,8,10,14,8,6,2,1,0,0,3.1,3.5,2.25,3.0,3.3,2.3,2.9,3.3,2.3,3.0,3.4,2.25,3.17,3.54,2.37,3.1,3.4,2.25,3.1,3.5,2.3,49,3.2,3.06,3.56,3.42,2.37,2.29,44,1.83,1.76,2.12,2.05,29,0.25,1.92,1.87,2.05,1.99,3.08,3.64,2.38
182,4,Borussia Dortmund,394,2015-09-23,2,TSG 1899 Hoffenheim,145624,6,FINISHED,1:1,0:0,D1,2015-09-23,1,1,D,1,0,H,10,14,5,4,15,13,5,4,2,1,0,0,7.0,4.75,1.44,6.75,4.5,1.48,6.1,4.0,1.5,6.0,4.5,1.44,7.69,5.02,1.45,6.5,4.75,1.44,6.5,5.0,1.5,39,7.75,6.84,5.02,4.63,1.5,1.44,32,1.5,1.44,3.0,2.72,24,1.0,2.3,2.2,1.75,1.7,8.58,5.57,1.38
183,19,Eintracht Frankfurt,394,2015-11-07,2,TSG 1899 Hoffenheim,145571,12,FINISHED,0:0,0:0,D1,2015-11-07,0,0,D,0,0,D,8,17,2,9,11,13,1,3,1,3,0,0,2.1,3.6,3.4,2.15,3.3,3.3,2.1,3.3,3.3,2.15,3.5,3.2,2.2,3.71,3.38,2.2,3.2,3.4,2.15,3.75,3.25,42,2.2,2.14,3.77,3.5,3.5,3.3,36,1.72,1.65,2.33,2.22,23,-0.25,1.92,1.87,2.03,1.99,2.21,3.76,3.32
184,16,FC Augsburg,394,2016-03-02,2,TSG 1899 Hoffenheim,145462,24,FINISHED,2:1,0:0,D1,2016-03-02,2,1,H,1,1,D,14,14,7,3,9,15,7,6,2,4,0,0,2.25,3.4,3.3,2.35,3.4,2.85,2.4,3.3,2.75,2.25,3.4,3.0,2.3,3.62,3.22,2.38,3.4,2.9,2.25,3.6,3.1,47,2.4,2.28,3.62,3.45,3.3,3.05,40,1.8,1.74,2.2,2.07,30,-0.25,2.02,1.97,1.94,1.89,2.26,3.65,3.29
185,5,FC Bayern München,394,2015-08-22,2,TSG 1899 Hoffenheim,145659,2,FINISHED,1:2,0:0,D1,2015-08-22,1,2,A,1,1,D,2,5,1,2,7,2,1,2,0,0,0,0,9.5,6.0,1.25,9.0,5.25,1.33,8.0,5.0,1.33,9.0,5.5,1.33,10.19,6.23,1.31,9.0,5.5,1.3,11.0,6.0,1.3,40,11.0,9.77,6.5,5.73,1.33,1.29,38,1.45,1.41,3.0,2.82,26,1.5,2.15,2.06,1.84,1.79,14.58,7.11,1.23
186,31,FC Ingolstadt 04,394,2016-04-30,2,TSG 1899 Hoffenheim,145390,32,FINISHED,2:1,0:0,D1,2016-04-30,2,1,H,1,1,D,10,16,6,8,17,21,2,7,3,4,0,0,1.8,3.6,4.6,1.8,3.6,4.6,1.9,3.45,3.8,1.8,3.6,4.5,1.86,3.79,4.56,1.83,3.6,4.2,1.83,3.6,4.6,46,1.9,1.82,3.8,3.61,4.75,4.42,39,2.0,1.92,1.96,1.86,28,-0.75,2.13,2.05,1.85,1.81,1.99,3.75,3.98
187,6,FC Schalke 04,394,2016-05-14,2,TSG 1899 Hoffenheim,145371,34,FINISHED,1:4,0:0,D1,2016-05-14,1,4,A,1,2,A,14,12,4,8,15,11,7,2,1,1,0,0,3.2,3.8,2.05,2.9,3.9,2.15,3.0,3.6,2.1,3.0,3.8,2.15,3.09,4.06,2.22,2.88,3.75,2.1,3.0,3.9,2.2,49,3.2,3.06,4.06,3.8,2.25,2.16,32,1.46,1.41,2.9,2.8,30,0.25,1.98,1.94,1.97,1.92,3.48,4.18,2.03
188,7,Hamburger SV,394,2015-10-23,2,TSG 1899 Hoffenheim,145588,10,FINISHED,0:1,0:0,D1,2015-10-23,0,1,A,0,0,D,12,20,3,5,24,23,1,5,2,4,1,0,2.1,3.6,3.4,2.05,3.5,3.4,2.1,3.3,3.3,2.0,3.4,3.6,2.13,3.67,3.59,2.05,3.6,3.4,2.1,3.6,3.5,43,2.13,2.07,3.68,3.52,3.8,3.5,39,1.85,1.78,2.11,2.02,25,-0.5,2.15,2.08,1.83,1.8,1.95,3.8,4.09
189,8,Hannover 96,394,2015-12-12,2,TSG 1899 Hoffenheim,145533,16,FINISHED,1:0,0:0,D1,2015-12-12,1,0,H,1,0,H,14,19,5,2,18,19,3,10,1,3,0,0,1.8,3.5,4.5,1.87,3.4,4.1,2.0,3.3,3.6,1.83,3.6,4.2,1.88,3.73,4.5,1.91,3.5,4.0,1.85,3.8,4.2,46,2.0,1.86,3.8,3.57,4.5,4.21,41,1.94,1.86,2.0,1.93,27,-0.5,1.9,1.85,2.06,2.01,1.9,3.66,4.54
190,9,Hertha BSC,394,2016-04-16,2,TSG 1899 Hoffenheim,145408,30,FINISHED,2:1,0:0,D1,2016-04-16,2,1,H,1,1,D,17,10,7,2,10,16,3,5,2,0,0,0,2.38,3.4,3.0,2.45,3.25,2.85,2.5,3.2,2.75,2.3,3.25,3.0,2.4,3.42,3.21,2.5,3.1,3.0,2.38,3.4,3.1,47,2.5,2.38,3.43,3.28,3.21,3.02,41,2.08,1.97,1.9,1.82,29,-0.25,2.08,2.03,1.89,1.83,2.58,3.41,2.95
191,55,SV Darmstadt 98,394,2016-02-07,2,TSG 1899 Hoffenheim,145498,20,FINISHED,0:2,0:0,D1,2016-02-07,0,2,A,0,1,A,12,11,1,5,17,15,8,7,1,3,0,0,2.0,3.3,4.0,2.0,3.25,3.75,2.0,3.3,3.6,1.95,3.3,3.8,2.05,3.48,4.08,2.0,3.2,4.0,2.0,3.4,4.0,43,2.07,1.99,3.55,3.36,4.4,3.92,35,2.19,2.09,1.8,1.72,24,-0.5,2.05,1.98,1.94,1.88,2.03,3.64,3.95
192,10,VfB Stuttgart,394,2015-10-03,2,TSG 1899 Hoffenheim,145606,8,FINISHED,2:2,0:0,D1,2015-10-03,2,2,D,1,0,H,11,18,4,7,12,15,6,5,3,1,0,0,2.45,3.75,2.65,2.5,3.3,2.7,2.4,3.3,2.75,2.38,3.6,2.7,2.5,3.8,2.8,2.5,3.2,2.8,2.5,3.8,2.63,42,2.52,2.44,3.82,3.6,2.82,2.71,36,1.54,1.49,2.73,2.55,25,0.0,1.9,1.84,2.08,2.01,2.46,3.76,2.87
193,11,VfL Wolfsburg,394,2016-03-12,2,TSG 1899 Hoffenheim,145445,26,FINISHED,1:0,0:0,D1,2016-03-12,1,0,H,1,0,H,11,15,2,9,8,18,3,5,1,1,0,0,3.4,3.6,2.1,3.3,3.4,2.1,3.3,3.3,2.1,3.3,3.6,2.05,3.55,3.78,2.11,3.3,3.5,2.1,3.3,3.9,2.1,45,3.55,3.35,3.9,3.65,2.13,2.07,32,1.6,1.57,2.55,2.36,28,0.25,2.11,2.04,1.86,1.82,3.59,3.77,2.1
194,12,Werder Bremen,394,2015-09-13,2,TSG 1899 Hoffenheim,145642,4,FINISHED,1:3,0:0,D1,2015-09-13,1,3,A,0,1,A,10,16,5,6,13,22,7,3,2,4,0,0,1.95,3.75,3.75,1.95,3.4,3.8,1.9,3.45,3.8,1.91,3.6,3.75,1.97,3.88,3.92,1.95,3.6,3.75,1.95,3.9,3.75,36,2.0,1.93,3.9,3.7,3.92,3.74,25,1.62,1.55,2.5,2.39,25,-0.5,1.97,1.92,1.98,1.93,1.99,3.84,3.88
195,3,Bayer Leverkusen,394,2016-03-20,10,VfB Stuttgart,145435,27,FINISHED,0:2,0:0,D1,2016-03-20,0,2,A,0,1,A,14,15,5,9,16,21,2,9,3,3,0,0,2.3,3.5,2.9,2.35,3.3,2.9,2.4,3.3,2.75,2.25,3.6,2.9,2.32,3.78,3.08,2.3,3.5,2.9,2.3,3.8,2.9,46,2.41,2.3,3.91,3.56,3.25,2.93,32,1.58,1.51,2.6,2.5,27,-0.25,2.04,1.99,1.96,1.87,2.16,3.78,3.43
196,18,Bor. Mönchengladbach,394,2015-09-26,10,VfB Stuttgart,145615,7,FINISHED,1:3,0:0,D1,2015-09-26,1,3,A,1,2,A,22,9,6,5,15,15,12,3,4,1,0,0,2.1,3.5,3.4,2.1,3.5,3.2,2.2,3.3,3.1,2.0,3.6,3.4,2.08,3.8,3.62,2.1,3.4,3.4,2.1,3.8,3.4,39,2.2,2.08,3.8,3.58,3.67,3.39,34,1.72,1.64,2.36,2.25,25,-0.5,2.1,2.05,1.87,1.81,2.1,3.7,3.65
197,4,Borussia Dortmund,394,2016-04-23,10,VfB Stuttgart,145400,31,FINISHED,0:3,0:0,D1,2016-04-23,0,3,A,0,2,A,8,16,1,9,19,10,3,4,0,1,0,0,4.75,4.2,1.65,4.5,4.1,1.65,4.4,3.8,1.7,4.33,4.0,1.7,4.89,4.27,1.72,4.5,3.8,1.73,4.6,4.3,1.7,44,5.0,4.58,4.3,4.05,1.81,1.7,34,1.54,1.5,2.65,2.53,28,0.75,2.0,1.96,1.96,1.89,5.26,4.46,1.65
198,19,Eintracht Frankfurt,394,2015-08-29,10,VfB Stuttgart,145651,3,FINISHED,1:4,0:0,D1,2015-08-29,1,4,A,1,2,A,15,6,4,4,19,17,6,1,3,3,1,0,1.95,3.6,3.8,1.95,3.4,3.8,2.0,3.3,3.6,1.95,3.75,3.8,1.96,3.91,3.93,1.95,3.5,3.8,1.95,3.9,3.75,37,2.0,1.93,3.91,3.68,4.0,3.74,28,1.6,1.54,2.56,2.39,25,-0.5,1.97,1.92,1.99,1.92,1.93,3.81,4.19
199,16,FC Augsburg,394,2015-11-21,10,VfB Stuttgart,145562,13,FINISHED,0:4,0:0,D1,2015-11-21,0,4,A,0,3,A,18,13,5,6,8,16,6,4,2,1,0,0,1.95,3.8,3.6,1.95,3.5,3.75,2.0,3.3,3.6,1.91,3.8,3.6,1.96,3.95,3.89,1.95,3.5,3.8,1.93,4.0,3.7,43,2.01,1.93,4.0,3.74,4.0,3.74,31,1.58,1.52,2.62,2.47,25,-0.5,1.97,1.92,1.98,1.94,2.08,3.78,3.64
200,5,FC Bayern München,394,2016-04-09,10,VfB Stuttgart,145417,29,FINISHED,1:3,0:0,D1,2016-04-09,1,3,A,0,1,A,9,13,2,6,8,15,7,4,1,3,0,0,6.0,4.33,1.5,6.0,4.75,1.44,7.0,4.0,1.45,5.25,4.6,1.45,6.84,4.82,1.5,6.5,4.75,1.44,6.0,4.8,1.5,47,7.0,6.23,4.82,4.53,1.57,1.48,36,1.51,1.45,2.75,2.65,30,1.25,1.84,1.81,2.11,2.05,12.32,6.72,1.27
201,31,FC Ingolstadt 04,394,2015-10-18,10,VfB Stuttgart,145597,9,FINISHED,1:0,0:0,D1,2015-10-18,1,0,H,0,0,D,12,11,4,6,18,9,6,5,3,1,1,0,1.8,3.75,4.33,1.83,3.6,4.1,1.8,3.5,4.2,1.75,3.75,4.5,1.79,3.96,4.76,1.83,3.4,4.5,1.75,3.9,4.6,43,1.83,1.77,4.0,3.74,4.9,4.49,38,1.82,1.76,2.12,2.04,25,-0.75,2.03,1.98,1.92,1.88,1.83,3.91,4.62
202,6,FC Schalke 04,394,2015-09-20,10,VfB Stuttgart,145633,5,FINISHED,0:1,0:0,D1,2015-09-20,0,1,A,0,0,D,26,10,9,6,11,18,6,5,3,3,0,0,2.63,3.5,2.6,2.65,3.4,2.65,2.65,3.3,2.5,2.6,3.5,2.5,2.67,3.68,2.67,2.7,3.25,2.62,2.63,3.6,2.63,39,2.72,2.62,3.68,3.5,2.67,2.57,28,1.65,1.6,2.43,2.3,25,0.0,1.99,1.94,1.98,1.9,2.42,3.66,3.0
203,7,Hamburger SV,394,2016-01-30,10,VfB Stuttgart,145507,19,FINISHED,2:1,0:0,D1,2016-01-30,2,1,H,0,0,D,24,13,11,5,12,14,10,4,1,3,0,0,1.95,3.6,3.8,1.95,3.5,3.7,2.1,3.3,3.3,1.91,3.6,3.8,1.98,3.77,4.0,2.0,3.2,4.0,1.93,3.75,3.9,45,2.1,1.96,3.84,3.58,4.02,3.78,38,1.82,1.75,2.19,2.06,25,-0.5,2.0,1.93,1.98,1.92,1.9,3.85,4.28
204,8,Hannover 96,394,2016-02-27,10,VfB Stuttgart,145471,23,FINISHED,1:2,0:0,D1,2016-02-27,1,2,A,1,1,D,22,12,10,8,18,11,17,1,1,3,0,0,1.53,4.0,6.5,1.55,4.2,5.5,1.5,4.0,6.1,1.55,4.2,5.75,1.57,4.57,6.01,1.55,4.0,6.0,1.55,4.5,5.75,47,1.58,1.55,4.57,4.23,6.5,5.78,38,1.67,1.61,2.42,2.27,34,-1.0,1.96,1.92,2.0,1.93,1.49,4.65,7.47
205,9,Hertha BSC,394,2016-02-13,10,VfB Stuttgart,145489,21,FINISHED,2:0,0:0,D1,2016-02-13,2,0,H,0,0,D,15,7,6,3,12,12,10,1,3,3,0,0,2.1,3.5,3.5,2.15,3.3,3.3,2.2,3.3,3.1,2.05,3.4,3.5,2.11,3.63,3.68,2.1,3.3,3.5,2.1,3.6,3.5,43,2.2,2.09,3.72,3.47,3.71,3.48,36,1.85,1.78,2.11,2.02,28,-0.25,1.84,1.81,2.12,2.06,2.15,3.51,3.7
206,55,SV Darmstadt 98,394,2015-11-01,10,VfB Stuttgart,145579,11,FINISHED,2:0,0:0,D1,2015-11-01,2,0,H,0,0,D,18,17,3,5,21,18,7,5,3,2,0,0,1.67,4.0,5.0,1.67,3.6,5.25,1.75,3.5,4.5,1.62,3.8,5.25,1.68,4.11,5.45,1.67,3.8,5.0,1.65,4.2,5.2,47,1.75,1.65,4.2,3.93,5.56,5.11,41,1.78,1.71,2.23,2.11,27,-0.75,1.88,1.83,2.09,2.03,1.67,4.11,5.61
207,2,TSG 1899 Hoffenheim,394,2016-03-05,10,VfB Stuttgart,145453,25,FINISHED,5:1,0:0,D1,2016-03-05,5,1,H,2,0,H,21,13,11,4,17,8,11,1,1,2,0,0,1.91,3.6,4.0,1.87,3.7,3.8,2.0,3.3,3.6,1.85,3.8,3.75,1.9,4.02,4.08,1.91,3.6,3.8,1.87,4.1,3.8,46,2.0,1.88,4.2,3.83,4.08,3.85,36,1.5,1.45,2.8,2.67,29,-0.5,1.91,1.87,2.05,1.99,1.81,4.08,4.52
208,11,VfL Wolfsburg,394,2015-12-19,10,VfB Stuttgart,145527,17,FINISHED,3:1,0:0,D1,2015-12-19,3,1,H,2,1,H,9,17,6,7,7,10,1,3,1,1,1,0,3.5,3.6,2.0,3.4,3.6,2.1,3.1,3.3,2.2,3.25,3.6,2.1,3.53,3.71,2.14,3.2,3.6,2.15,3.3,3.7,2.15,47,3.55,3.36,3.75,3.55,2.2,2.11,37,1.69,1.63,2.45,2.24,28,0.25,2.08,2.01,1.89,1.85,3.54,3.77,2.12
209,12,Werder Bremen,394,2015-12-06,10,VfB Stuttgart,145544,15,FINISHED,1:1,0:0,D1,2015-12-06,1,1,D,1,0,H,12,7,4,2,18,16,4,5,2,2,0,0,1.95,3.75,3.75,2.0,3.4,3.6,2.1,3.3,3.3,1.91,3.6,3.8,1.97,3.87,3.93,2.0,3.3,3.75,1.95,3.9,3.7,46,2.1,1.94,3.9,3.67,4.0,3.72,35,1.57,1.51,2.63,2.5,27,-0.5,1.98,1.93,1.99,1.92,2.1,3.84,3.52
210,3,Bayer Leverkusen,394,2015-10-31,11,VfL Wolfsburg,145581,11,FINISHED,2:1,0:0,D1,2015-10-31,2,1,H,1,1,D,13,15,5,6,17,16,5,5,0,2,0,0,2.63,3.4,2.7,2.65,3.3,2.7,2.4,3.3,2.75,2.5,3.3,2.62,2.64,3.55,2.78,2.62,3.25,2.7,2.6,3.6,2.63,47,2.65,2.58,3.65,3.41,2.83,2.67,41,1.78,1.7,2.23,2.13,29,0.0,1.95,1.89,2.02,1.95,2.94,3.72,2.43
211,18,Bor. Mönchengladbach,394,2016-03-05,11,VfL Wolfsburg,145455,25,FINISHED,2:1,0:0,D1,2016-03-05,2,1,H,2,1,H,11,14,3,5,15,13,1,3,2,3,0,0,1.95,3.75,3.6,2.0,3.4,3.6,2.2,3.3,3.1,2.05,3.6,3.3,2.02,3.85,3.79,2.1,3.3,3.5,2.05,3.8,3.5,46,2.2,2.01,3.99,3.64,3.79,3.55,32,1.65,1.54,2.6,2.41,29,-0.5,2.05,2.0,1.92,1.86,1.93,3.92,4.06
212,4,Borussia Dortmund,394,2015-12-05,11,VfL Wolfsburg,145545,15,FINISHED,1:2,0:0,D1,2015-12-05,1,2,A,0,1,A,22,14,8,6,14,14,9,5,3,2,0,0,4.0,4.33,1.75,4.2,3.75,1.83,3.9,3.6,1.85,4.0,4.0,1.75,4.24,4.22,1.83,4.2,3.6,1.8,4.1,4.2,1.8,46,4.25,4.05,4.33,4.01,1.85,1.79,36,1.57,1.53,2.62,2.45,26,0.75,1.9,1.85,2.07,2.01,3.67,4.0,2.01
213,19,Eintracht Frankfurt,394,2015-08-16,11,VfL Wolfsburg,145670,1,FINISHED,2:1,0:0,D1,2015-08-16,2,1,H,2,1,H,5,13,3,6,14,19,7,3,1,1,0,0,1.44,4.75,7.0,1.5,4.0,6.5,1.45,4.0,7.0,1.5,4.5,6.5,1.48,5.0,6.95,1.5,4.0,7.0,1.5,5.0,6.5,43,1.5,1.46,5.0,4.62,7.0,6.54,39,1.5,1.46,2.8,2.63,26,-1.25,2.06,1.98,1.93,1.88,1.44,5.27,7.29
214,16,FC Augsburg,394,2016-04-23,11,VfL Wolfsburg,145401,31,FINISHED,0:2,0:0,D1,2016-04-23,0,2,A,0,1,A,19,8,7,4,7,19,6,1,0,2,0,0,1.8,3.75,4.33,1.75,3.7,4.4,1.9,3.45,3.8,1.75,3.8,4.2,1.81,3.95,4.69,1.8,3.6,4.5,1.8,4.0,4.33,44,1.9,1.78,4.06,3.82,4.69,4.32,35,1.7,1.64,2.3,2.23,27,-0.75,2.03,1.99,1.92,1.86,1.88,3.76,4.49
215,5,FC Bayern München,394,2016-02-27,11,VfL Wolfsburg,145473,23,FINISHED,0:2,0:0,D1,2016-02-27,0,2,A,0,0,D,12,14,8,4,7,10,1,7,0,1,0,0,9.0,4.5,1.4,9.0,4.5,1.45,5.5,4.0,1.55,7.0,4.5,1.4,8.3,4.91,1.44,7.0,4.4,1.44,7.5,4.8,1.44,47,9.0,7.62,4.91,4.59,1.55,1.42,34,1.65,1.6,2.4,2.28,32,1.25,1.98,1.93,1.97,1.92,8.14,5.09,1.43
216,31,FC Ingolstadt 04,394,2016-02-13,11,VfL Wolfsburg,145491,21,FINISHED,2:0,0:0,D1,2016-02-13,2,0,H,2,0,H,8,11,5,2,19,17,6,7,0,0,0,0,1.73,3.6,5.25,1.75,3.7,4.75,1.7,3.6,4.7,1.7,3.6,5.0,1.75,3.73,5.52,1.75,3.5,5.0,1.73,3.8,5.0,42,1.76,1.71,3.8,3.64,5.57,5.11,37,2.16,2.06,1.81,1.75,28,-0.75,1.99,1.94,1.96,1.92,1.81,3.64,5.21
217,6,FC Schalke 04,394,2015-08-28,11,VfL Wolfsburg,145653,3,FINISHED,3:0,0:0,D1,2015-08-28,3,0,H,1,0,H,9,12,5,1,12,16,2,3,1,2,0,0,2.0,3.8,3.5,2.0,3.3,3.7,2.0,3.3,3.6,2.0,3.6,3.8,2.02,3.8,3.81,1.95,3.8,3.5,2.05,3.8,3.6,37,2.1,2.0,3.8,3.63,3.83,3.6,31,1.65,1.6,2.42,2.28,25,-0.5,2.1,2.01,1.92,1.84,2.13,3.71,3.55
218,7,Hamburger SV,394,2015-12-12,11,VfL Wolfsburg,145536,16,FINISHED,1:1,0:0,D1,2015-12-12,1,1,D,0,1,A,19,5,9,4,11,21,10,4,1,4,0,0,1.57,4.2,5.75,1.6,4.0,5.75,1.6,3.7,5.4,1.55,4.0,5.75,1.58,4.44,6.2,1.6,3.75,6.0,1.55,4.4,6.0,48,1.6,1.56,4.44,4.14,6.25,5.84,42,1.72,1.67,2.27,2.17,30,-1.0,1.97,1.93,1.99,1.93,1.59,4.32,6.23
219,8,Hannover 96,394,2015-09-26,11,VfL Wolfsburg,145617,7,FINISHED,1:1,0:0,D1,2015-09-26,1,1,D,1,0,H,22,8,9,3,11,9,9,0,2,2,0,0,1.4,4.75,8.0,1.42,4.75,7.5,1.45,4.0,7.0,1.4,4.5,7.5,1.44,4.95,8.02,1.4,4.5,8.0,1.44,5.0,7.5,38,1.47,1.41,5.0,4.62,8.5,7.56,28,1.65,1.59,2.4,2.3,23,-1.25,1.98,1.94,1.97,1.92,1.46,4.88,7.64
220,9,Hertha BSC,394,2015-09-19,11,VfL Wolfsburg,145635,5,FINISHED,2:0,0:0,D1,2015-09-19,2,0,H,0,0,D,14,9,4,4,16,9,7,5,1,2,0,0,1.5,4.33,6.5,1.5,4.2,6.75,1.5,4.0,6.1,1.5,4.33,7.0,1.51,4.54,7.32,1.5,4.2,6.5,1.53,4.5,6.5,39,1.53,1.48,4.56,4.28,7.5,6.83,34,1.81,1.75,2.17,2.07,26,-1.0,1.87,1.83,2.08,2.03,1.73,3.93,5.31
221,55,SV Darmstadt 98,394,2016-03-19,11,VfL Wolfsburg,145437,27,FINISHED,1:1,0:0,D1,2016-03-19,1,1,D,0,0,D,20,11,5,1,14,16,8,1,1,1,0,0,1.44,4.33,8.0,1.44,4.25,7.25,1.45,4.0,7.0,1.4,4.33,7.5,1.45,4.72,8.46,1.44,4.2,8.0,1.45,4.6,7.5,46,1.47,1.43,4.72,4.41,8.5,7.61,38,1.81,1.75,2.14,2.05,30,-1.0,1.8,1.71,2.27,2.18,1.57,4.23,6.86
222,2,TSG 1899 Hoffenheim,394,2015-10-17,11,VfL Wolfsburg,145599,9,FINISHED,4:2,0:0,D1,2015-10-17,4,2,H,2,1,H,16,7,9,3,14,12,5,4,4,0,0,0,1.62,4.33,5.0,1.65,4.0,5.25,1.65,3.6,5.1,1.62,4.0,5.0,1.65,4.38,5.45,1.67,3.6,5.5,1.65,4.4,5.0,43,1.67,1.63,4.4,4.1,5.51,5.14,32,1.6,1.5,2.67,2.53,27,-1.0,2.1,2.04,1.87,1.82,1.6,4.44,5.87
223,10,VfB Stuttgart,394,2016-05-14,11,VfL Wolfsburg,145374,34,FINISHED,3:1,0:0,D1,2016-05-14,3,1,H,2,0,H,17,13,7,6,8,12,7,9,2,2,0,0,2.3,4.0,2.75,2.35,3.8,2.6,2.5,3.5,2.5,2.25,3.8,2.75,2.34,4.1,2.86,2.45,3.6,2.6,2.38,4.1,2.7,49,2.5,2.3,4.1,3.87,2.89,2.78,32,1.39,1.34,3.4,3.11,28,-0.25,2.05,2.0,1.91,1.86,2.09,4.43,3.16
224,12,Werder Bremen,394,2015-11-21,11,VfL Wolfsburg,145563,13,FINISHED,6:0,0:0,D1,2015-11-21,6,0,H,2,0,H,21,9,12,2,12,8,7,3,0,2,0,0,1.57,4.0,5.75,1.62,4.1,5.25,1.55,4.0,5.5,1.62,4.0,5.25,1.66,4.26,5.45,1.62,3.8,5.5,1.65,4.3,5.0,43,1.67,1.62,4.33,4.09,5.75,5.23,32,1.64,1.6,2.49,2.31,25,-1.0,2.16,2.09,1.85,1.79,1.7,4.04,5.38
225,3,Bayer Leverkusen,394,2015-09-26,12,Werder Bremen,145616,7,FINISHED,0:3,0:0,D1,2015-09-26,0,3,A,0,1,A,9,17,0,7,12,15,2,6,1,2,0,0,3.8,3.6,1.95,3.75,3.5,2.0,3.3,3.3,2.1,3.8,3.6,1.85,4.21,3.8,1.93,4.0,3.4,1.95,4.0,3.8,1.95,39,4.22,3.87,3.8,3.58,2.1,1.93,34,1.81,1.74,2.16,2.07,26,0.5,2.01,1.94,2.0,1.92,3.96,3.89,1.96
226,18,Bor. Mönchengladbach,394,2015-08-30,12,Werder Bremen,145652,3,FINISHED,2:1,0:0,D1,2015-08-30,2,1,H,1,1,D,22,9,6,5,17,18,5,6,3,1,0,1,3.2,3.4,2.25,3.1,3.3,2.25,3.3,3.3,2.1,3.2,3.6,2.2,3.36,3.6,2.25,3.3,3.2,2.25,3.25,3.7,2.25,36,3.36,3.19,3.7,3.46,2.3,2.2,34,1.78,1.7,2.25,2.11,23,0.5,1.76,1.71,2.23,2.17,2.82,3.56,2.6
227,4,Borussia Dortmund,394,2015-10-31,12,Werder Bremen,145580,11,FINISHED,1:3,0:0,D1,2015-10-31,1,3,A,1,2,A,8,11,2,6,17,15,1,9,3,0,0,0,7.5,5.0,1.4,7.75,4.75,1.4,7.0,4.6,1.4,7.0,4.75,1.4,8.4,5.33,1.4,7.0,5.0,1.4,7.0,5.4,1.4,47,8.4,7.49,5.4,4.95,1.43,1.39,37,1.48,1.44,3.0,2.73,27,1.25,2.11,2.03,1.87,1.82,8.32,5.51,1.39
228,19,Eintracht Frankfurt,394,2016-05-14,12,Werder Bremen,145373,34,FINISHED,1:0,0:0,D1,2016-05-14,1,0,H,0,0,D,14,4,3,2,17,12,6,4,4,2,0,0,2.0,3.75,3.5,2.0,3.7,3.3,2.1,3.3,3.3,1.91,3.6,3.6,1.99,3.83,3.89,2.0,3.75,3.1,2.0,3.8,3.6,49,2.1,1.97,3.83,3.65,3.89,3.66,35,1.6,1.54,2.54,2.4,29,-0.5,2.0,1.97,1.95,1.89,1.95,3.79,4.11
229,16,FC Augsburg,394,2016-04-09,12,Werder Bremen,145418,29,FINISHED,1:2,0:0,D1,2016-04-09,1,2,A,1,0,H,17,4,4,3,16,18,10,0,2,5,0,0,2.05,3.4,3.5,2.15,3.3,3.3,2.2,3.3,3.1,2.1,3.5,3.3,2.19,3.7,3.41,2.15,3.5,3.2,2.1,3.7,3.4,47,2.2,2.13,3.7,3.5,3.5,3.32,39,1.75,1.66,2.34,2.19,31,-0.25,1.9,1.85,2.07,2.01,1.89,4.02,4.13
230,5,FC Bayern München,394,2015-10-17,12,Werder Bremen,145598,9,FINISHED,0:1,0:0,D1,2015-10-17,0,1,A,0,1,A,8,13,2,4,15,12,2,3,2,2,0,0,17.0,7.0,1.18,12.0,7.0,1.22,13.0,5.8,1.2,12.0,6.5,1.22,15.0,7.38,1.22,13.0,6.0,1.22,13.0,7.5,1.2,43,17.0,13.69,7.5,6.73,1.22,1.2,37,1.44,1.4,3.0,2.86,27,2.0,1.93,1.87,2.05,1.98,18.0,8.28,1.19
231,31,FC Ingolstadt 04,394,2015-09-19,12,Werder Bremen,145634,5,FINISHED,0:1,0:0,D1,2015-09-19,0,1,A,0,0,D,13,13,4,4,24,19,8,5,3,4,1,0,2.05,3.5,3.6,2.05,3.4,3.5,2.1,3.3,3.3,2.0,3.5,3.8,2.06,3.61,3.88,2.1,3.3,3.6,2.1,3.6,3.6,39,2.1,2.04,3.65,3.44,3.89,3.66,35,1.88,1.79,2.1,2.02,25,-0.5,2.08,2.03,1.88,1.83,2.04,3.55,4.03
232,6,FC Schalke 04,394,2015-08-15,12,Werder Bremen,145669,1,FINISHED,0:3,0:0,D1,2015-08-15,0,3,A,0,1,A,15,16,2,5,7,16,5,6,0,2,0,0,3.0,3.4,2.38,2.9,3.3,2.35,2.75,3.3,2.4,3.0,3.4,2.38,3.1,3.62,2.37,3.1,3.1,2.4,3.0,3.6,2.38,43,3.3,3.01,3.62,3.42,2.4,2.31,41,1.78,1.72,2.2,2.09,26,0.25,1.9,1.86,2.06,2.0,3.22,3.74,2.26
233,7,Hamburger SV,394,2015-11-28,12,Werder Bremen,145554,14,FINISHED,1:3,0:0,D1,2015-11-28,1,3,A,0,2,A,14,13,3,6,21,18,6,3,2,1,0,0,2.25,3.4,3.2,2.35,3.25,2.95,2.4,3.3,2.75,2.25,3.3,3.1,2.33,3.48,3.29,2.3,3.2,3.2,2.3,3.5,3.2,49,2.4,2.3,3.5,3.36,3.29,3.1,45,1.96,1.88,1.98,1.9,29,-0.25,2.06,1.99,1.94,1.87,2.29,3.47,3.37
234,8,Hannover 96,394,2016-03-05,12,Werder Bremen,145454,25,FINISHED,4:1,0:0,D1,2016-03-05,4,1,H,2,1,H,14,15,5,5,16,14,4,4,2,2,0,0,1.73,3.8,4.75,1.75,3.6,4.6,1.8,3.5,4.2,1.73,3.8,4.5,1.76,4.06,4.84,1.8,3.6,4.5,1.73,4.1,4.6,46,1.8,1.73,4.1,3.85,4.85,4.63,38,1.74,1.67,2.29,2.17,29,-0.75,1.98,1.93,1.98,1.93,1.65,4.23,5.62
235,9,Hertha BSC,394,2016-01-30,12,Werder Bremen,145508,19,FINISHED,3:3,0:0,D1,2016-01-30,3,3,D,0,2,A,16,12,6,4,19,16,6,6,3,3,0,0,2.5,3.3,2.8,2.6,3.2,2.75,2.6,3.2,2.6,2.5,3.25,2.75,2.65,3.4,2.87,2.62,3.1,2.8,2.55,3.4,2.8,45,2.7,2.57,3.47,3.27,2.91,2.78,39,2.11,2.0,1.88,1.8,27,0.0,1.89,1.85,2.05,2.0,2.57,3.4,2.97
236,55,SV Darmstadt 98,394,2016-02-27,12,Werder Bremen,145472,23,FINISHED,2:2,0:0,D1,2016-02-27,2,2,D,1,1,D,16,8,7,3,24,23,4,2,3,3,0,0,2.1,3.4,3.6,2.1,3.3,3.4,2.2,3.3,3.1,2.1,3.3,3.5,2.14,3.55,3.68,2.1,3.4,3.5,2.1,3.5,3.5,47,2.18,2.09,3.55,3.39,3.75,3.53,41,2.0,1.93,1.96,1.86,32,-0.25,1.86,1.82,2.09,2.04,1.92,3.62,4.5
237,2,TSG 1899 Hoffenheim,394,2016-02-13,12,Werder Bremen,145490,21,FINISHED,1:1,0:0,D1,2016-02-13,1,1,D,1,1,D,17,11,10,4,13,19,6,2,1,3,0,1,2.2,3.5,3.25,2.2,3.3,3.2,2.2,3.3,3.1,2.15,3.4,3.25,2.21,3.67,3.39,2.2,3.3,3.3,2.2,3.6,3.3,43,2.21,2.17,3.86,3.51,3.44,3.26,35,1.73,1.67,2.3,2.17,28,-0.25,1.95,1.89,2.04,1.97,2.07,3.71,3.76
238,10,VfB Stuttgart,394,2016-05-02,12,Werder Bremen,145392,32,FINISHED,6:2,0:0,D1,2016-05-02,6,2,H,3,1,H,16,13,9,4,12,15,3,5,1,1,0,0,2.05,3.6,3.5,2.1,3.8,3.25,2.2,3.3,3.1,2.05,3.8,3.2,2.11,3.96,3.41,2.0,3.75,3.1,2.05,4.0,3.25,45,2.2,2.06,4.0,3.75,3.5,3.29,34,1.48,1.44,2.8,2.7,29,-0.25,1.85,1.81,2.12,2.04,1.93,4.06,3.93
239,11,VfL Wolfsburg,394,2016-04-16,12,Werder Bremen,145410,30,FINISHED,3:2,0:0,D1,2016-04-16,3,2,H,1,1,D,21,8,9,3,16,15,7,1,1,5,0,0,2.5,3.5,2.75,2.35,3.5,2.75,2.5,3.3,2.65,2.4,3.5,2.75,2.48,3.77,2.84,2.4,3.5,2.8,2.45,3.75,2.75,47,2.55,2.43,3.77,3.52,2.88,2.8,36,1.65,1.6,2.5,2.29,27,0.0,1.86,1.81,2.1,2.05,2.78,3.69,2.57
